commit_hash,author_date,file_path,cyclomatic_complexity,nloc,has_comment_SATD
9f9630ac871138c04c8654eb46d66ca0a2f70b7c,2017-02-15 13:22:36-08:00,cipher.py,8,20,False
9f9630ac871138c04c8654eb46d66ca0a2f70b7c,2017-02-15 13:22:36-08:00,cipher_test.py,1,11,False
9f9630ac871138c04c8654eb46d66ca0a2f70b7c,2017-02-15 13:22:36-08:00,diff.py,6,30,False
9f9630ac871138c04c8654eb46d66ca0a2f70b7c,2017-02-15 13:22:36-08:00,diff_test.py,7,59,False
9f9630ac871138c04c8654eb46d66ca0a2f70b7c,2017-02-15 13:22:36-08:00,difffull.py,1,6,False
9f9630ac871138c04c8654eb46d66ca0a2f70b7c,2017-02-15 13:22:36-08:00,identity.py,2,7,False
9f9630ac871138c04c8654eb46d66ca0a2f70b7c,2017-02-15 13:22:36-08:00,collector.py,4,12,False
9f9630ac871138c04c8654eb46d66ca0a2f70b7c,2017-02-15 13:22:36-08:00,collector_test.py,3,15,False
9f9630ac871138c04c8654eb46d66ca0a2f70b7c,2017-02-15 13:22:36-08:00,widget.py,4,10,False
9f9630ac871138c04c8654eb46d66ca0a2f70b7c,2017-02-15 13:22:36-08:00,widget_test.py,2,13,False
9f9630ac871138c04c8654eb46d66ca0a2f70b7c,2017-02-15 13:22:36-08:00,__init__.py,0,5,False
9f9630ac871138c04c8654eb46d66ca0a2f70b7c,2017-02-15 13:22:36-08:00,completion.py,32,113,True
9f9630ac871138c04c8654eb46d66ca0a2f70b7c,2017-02-15 13:22:36-08:00,completion_test.py,15,103,False
9f9630ac871138c04c8654eb46d66ca0a2f70b7c,2017-02-15 13:22:36-08:00,core.py,119,378,True
9f9630ac871138c04c8654eb46d66ca0a2f70b7c,2017-02-15 13:22:36-08:00,core_test.py,9,56,False
9f9630ac871138c04c8654eb46d66ca0a2f70b7c,2017-02-15 13:22:36-08:00,decorators.py,9,39,False
9f9630ac871138c04c8654eb46d66ca0a2f70b7c,2017-02-15 13:22:36-08:00,decorators_test.py,22,91,False
9f9630ac871138c04c8654eb46d66ca0a2f70b7c,2017-02-15 13:22:36-08:00,fire_import_test.py,3,12,False
9f9630ac871138c04c8654eb46d66ca0a2f70b7c,2017-02-15 13:22:36-08:00,fire_test.py,43,280,False
9f9630ac871138c04c8654eb46d66ca0a2f70b7c,2017-02-15 13:22:36-08:00,helputils.py,33,102,False
9f9630ac871138c04c8654eb46d66ca0a2f70b7c,2017-02-15 13:22:36-08:00,helputils_test.py,14,98,False
9f9630ac871138c04c8654eb46d66ca0a2f70b7c,2017-02-15 13:22:36-08:00,inspectutils.py,13,45,False
9f9630ac871138c04c8654eb46d66ca0a2f70b7c,2017-02-15 13:22:36-08:00,inspectutils_test.py,10,68,False
9f9630ac871138c04c8654eb46d66ca0a2f70b7c,2017-02-15 13:22:36-08:00,interact.py,12,39,False
9f9630ac871138c04c8654eb46d66ca0a2f70b7c,2017-02-15 13:22:36-08:00,interact_test.py,2,22,False
9f9630ac871138c04c8654eb46d66ca0a2f70b7c,2017-02-15 13:22:36-08:00,parser.py,14,43,True
9f9630ac871138c04c8654eb46d66ca0a2f70b7c,2017-02-15 13:22:36-08:00,parser_fuzz_test.py,10,67,False
9f9630ac871138c04c8654eb46d66ca0a2f70b7c,2017-02-15 13:22:36-08:00,parser_test.py,19,95,False
9f9630ac871138c04c8654eb46d66ca0a2f70b7c,2017-02-15 13:22:36-08:00,test_components.py,28,94,False
9f9630ac871138c04c8654eb46d66ca0a2f70b7c,2017-02-15 13:22:36-08:00,test_components_test.py,1,11,False
9f9630ac871138c04c8654eb46d66ca0a2f70b7c,2017-02-15 13:22:36-08:00,trace.py,38,149,False
9f9630ac871138c04c8654eb46d66ca0a2f70b7c,2017-02-15 13:22:36-08:00,trace_test.py,15,101,False
9f9630ac871138c04c8654eb46d66ca0a2f70b7c,2017-02-15 13:22:36-08:00,setup.py,0,46,False
421bbae7322ee8f5505d48a3efa7fa75d9430d63,2017-02-23 18:12:53+00:00,setup.py,0,48,False
48dd6623bfeb8635082cdecb0f87e75d3a9c4672,2017-03-02 20:28:21+00:00,cipher.py,8,20,False
48dd6623bfeb8635082cdecb0f87e75d3a9c4672,2017-03-02 20:28:21+00:00,diff.py,6,30,False
48dd6623bfeb8635082cdecb0f87e75d3a9c4672,2017-03-02 20:28:21+00:00,difffull.py,1,6,False
48dd6623bfeb8635082cdecb0f87e75d3a9c4672,2017-03-02 20:28:21+00:00,collector.py,4,12,False
48dd6623bfeb8635082cdecb0f87e75d3a9c4672,2017-03-02 20:28:21+00:00,widget.py,4,10,False
48dd6623bfeb8635082cdecb0f87e75d3a9c4672,2017-03-02 20:28:21+00:00,interact.py,13,38,False
48dd6623bfeb8635082cdecb0f87e75d3a9c4672,2017-03-02 20:28:21+00:00,interact_test.py,2,22,False
63aba49c50b6088aa670ad0877b6d059c21cdf00,2017-03-06 07:17:58-08:00,fire_test.py,44,283,False
63aba49c50b6088aa670ad0877b6d059c21cdf00,2017-03-06 07:17:58-08:00,inspectutils.py,14,49,False
63aba49c50b6088aa670ad0877b6d059c21cdf00,2017-03-06 07:17:58-08:00,test_components.py,30,101,False
f8ad6b7f78ef39c2e439187b706724d47cb0b0c6,2017-03-06 07:20:16-08:00,core.py,115,373,True
59d9095efbba628895e7b57c8c7c5775cc4638b8,2017-03-06 07:29:49-08:00,core.py,116,375,True
8e294783b1367857083e0665a55dfdddccd033ee,2017-03-07 18:05:12+00:00,completion_test.py,15,103,False
8e294783b1367857083e0665a55dfdddccd033ee,2017-03-07 18:05:12+00:00,core.py,116,375,True
8e294783b1367857083e0665a55dfdddccd033ee,2017-03-07 18:05:12+00:00,test_components.py,30,101,False
88f65747e25c20901483ed1d29d79392bd9b6fe3,2017-03-09 22:03:59+00:00,core.py,116,375,True
88f65747e25c20901483ed1d29d79392bd9b6fe3,2017-03-09 22:03:59+00:00,fire_test.py,45,286,False
88f65747e25c20901483ed1d29d79392bd9b6fe3,2017-03-09 22:03:59+00:00,test_components.py,32,106,False
88f65747e25c20901483ed1d29d79392bd9b6fe3,2017-03-09 22:03:59+00:00,test_components_test.py,2,16,False
1239bdd23b0112701d3817d5fdf109f80ae4c35b,2017-03-11 21:48:12+00:00,core.py,116,374,True
babf4f19bb482446132fd9dde977a1b87cca36a5,2017-03-20 14:41:12-07:00,completion.py,32,113,True
babf4f19bb482446132fd9dde977a1b87cca36a5,2017-03-20 14:41:12-07:00,core.py,117,380,True
babf4f19bb482446132fd9dde977a1b87cca36a5,2017-03-20 14:41:12-07:00,fire_test.py,46,292,False
babf4f19bb482446132fd9dde977a1b87cca36a5,2017-03-20 14:41:12-07:00,helputils.py,35,109,False
babf4f19bb482446132fd9dde977a1b87cca36a5,2017-03-20 14:41:12-07:00,inspectutils.py,19,54,False
babf4f19bb482446132fd9dde977a1b87cca36a5,2017-03-20 14:41:12-07:00,inspectutils_test.py,10,85,False
babf4f19bb482446132fd9dde977a1b87cca36a5,2017-03-20 14:41:12-07:00,test_components.py,32,110,False
babf4f19bb482446132fd9dde977a1b87cca36a5,2017-03-20 14:41:12-07:00,test_components_py3.py,3,8,False
c3f158a811eb39738772ae0ef97b48c27dd666b8,2017-03-22 16:51:42-04:00,helputils_test.py,14,99,False
c3f158a811eb39738772ae0ef97b48c27dd666b8,2017-03-22 16:51:42-04:00,inspectutils_test.py,10,86,False
c399562dd8d798125abbd44514860f03ef76eeca,2017-03-22 16:58:46-07:00,__init__.py,0,5,False
c399562dd8d798125abbd44514860f03ef76eeca,2017-03-22 16:58:46-07:00,core.py,118,384,True
c399562dd8d798125abbd44514860f03ef76eeca,2017-03-22 16:58:46-07:00,core_test.py,11,64,False
c399562dd8d798125abbd44514860f03ef76eeca,2017-03-22 16:58:46-07:00,fire_import_test.py,3,15,False
c399562dd8d798125abbd44514860f03ef76eeca,2017-03-22 16:58:46-07:00,fire_test.py,46,311,False
c399562dd8d798125abbd44514860f03ef76eeca,2017-03-22 16:58:46-07:00,inspectutils_test.py,10,86,False
c399562dd8d798125abbd44514860f03ef76eeca,2017-03-22 16:58:46-07:00,test_components.py,32,111,False
c399562dd8d798125abbd44514860f03ef76eeca,2017-03-22 16:58:46-07:00,testutils.py,5,32,False
05d59337d8c08a128c0a184d61ca525924428948,2017-03-24 16:20:59+01:00,test_components.py,32,111,False
4198d5a42baebc279d95035167348c61e219c70f,2017-03-27 16:01:23-04:00,cipher_test.py,1,11,False
4198d5a42baebc279d95035167348c61e219c70f,2017-03-27 16:01:23-04:00,diff_test.py,7,59,False
4198d5a42baebc279d95035167348c61e219c70f,2017-03-27 16:01:23-04:00,collector_test.py,3,15,False
4198d5a42baebc279d95035167348c61e219c70f,2017-03-27 16:01:23-04:00,widget_test.py,2,13,False
4198d5a42baebc279d95035167348c61e219c70f,2017-03-27 16:01:23-04:00,completion.py,32,113,True
4198d5a42baebc279d95035167348c61e219c70f,2017-03-27 16:01:23-04:00,completion_test.py,15,103,False
4198d5a42baebc279d95035167348c61e219c70f,2017-03-27 16:01:23-04:00,core_test.py,11,63,False
4198d5a42baebc279d95035167348c61e219c70f,2017-03-27 16:01:23-04:00,decorators_test.py,22,91,False
4198d5a42baebc279d95035167348c61e219c70f,2017-03-27 16:01:23-04:00,fire_import_test.py,3,15,False
4198d5a42baebc279d95035167348c61e219c70f,2017-03-27 16:01:23-04:00,fire_test.py,46,311,False
4198d5a42baebc279d95035167348c61e219c70f,2017-03-27 16:01:23-04:00,helputils_test.py,14,99,False
4198d5a42baebc279d95035167348c61e219c70f,2017-03-27 16:01:23-04:00,inspectutils.py,19,54,False
4198d5a42baebc279d95035167348c61e219c70f,2017-03-27 16:01:23-04:00,inspectutils_test.py,10,87,False
4198d5a42baebc279d95035167348c61e219c70f,2017-03-27 16:01:23-04:00,interact_test.py,2,22,False
4198d5a42baebc279d95035167348c61e219c70f,2017-03-27 16:01:23-04:00,parser_fuzz_test.py,10,67,False
4198d5a42baebc279d95035167348c61e219c70f,2017-03-27 16:01:23-04:00,parser_test.py,19,95,False
4198d5a42baebc279d95035167348c61e219c70f,2017-03-27 16:01:23-04:00,test_components.py,32,111,False
4198d5a42baebc279d95035167348c61e219c70f,2017-03-27 16:01:23-04:00,test_components_test.py,2,16,False
4198d5a42baebc279d95035167348c61e219c70f,2017-03-27 16:01:23-04:00,testutils.py,6,34,False
4198d5a42baebc279d95035167348c61e219c70f,2017-03-27 16:01:23-04:00,trace_test.py,15,101,False
4198d5a42baebc279d95035167348c61e219c70f,2017-03-27 16:01:23-04:00,setup.py,0,51,False
51fc990ddc5e181ce7fffdb86c60f47687e479d0,2017-03-28 10:51:47-04:00,__init__.py,,,False
51fc990ddc5e181ce7fffdb86c60f47687e479d0,2017-03-28 10:51:47-04:00,__init__.py,,,False
51fc990ddc5e181ce7fffdb86c60f47687e479d0,2017-03-28 10:51:47-04:00,cipher_test.py,1,11,False
51fc990ddc5e181ce7fffdb86c60f47687e479d0,2017-03-28 10:51:47-04:00,__init__.py,,,False
51fc990ddc5e181ce7fffdb86c60f47687e479d0,2017-03-28 10:51:47-04:00,diff_test.py,7,59,False
51fc990ddc5e181ce7fffdb86c60f47687e479d0,2017-03-28 10:51:47-04:00,__init__.py,,,False
51fc990ddc5e181ce7fffdb86c60f47687e479d0,2017-03-28 10:51:47-04:00,__init__.py,,,False
51fc990ddc5e181ce7fffdb86c60f47687e479d0,2017-03-28 10:51:47-04:00,collector.py,4,12,False
51fc990ddc5e181ce7fffdb86c60f47687e479d0,2017-03-28 10:51:47-04:00,collector_test.py,3,15,False
51fc990ddc5e181ce7fffdb86c60f47687e479d0,2017-03-28 10:51:47-04:00,widget.py,4,10,False
51fc990ddc5e181ce7fffdb86c60f47687e479d0,2017-03-28 10:51:47-04:00,widget_test.py,2,13,False
51fc990ddc5e181ce7fffdb86c60f47687e479d0,2017-03-28 10:51:47-04:00,decorators_test.py,22,96,False
51fc990ddc5e181ce7fffdb86c60f47687e479d0,2017-03-28 10:51:47-04:00,inspectutils.py,19,54,False
51fc990ddc5e181ce7fffdb86c60f47687e479d0,2017-03-28 10:51:47-04:00,test_components.py,32,111,False
51fc990ddc5e181ce7fffdb86c60f47687e479d0,2017-03-28 10:51:47-04:00,setup.py,0,51,False
ea80933cb3d0b1a154d6397e0c2a0d69d7dc0e4c,2017-03-28 08:06:05-07:00,core.py,118,382,True
ea80933cb3d0b1a154d6397e0c2a0d69d7dc0e4c,2017-03-28 08:06:05-07:00,core_test.py,12,68,False
ea80933cb3d0b1a154d6397e0c2a0d69d7dc0e4c,2017-03-28 08:06:05-07:00,test_components.py,34,116,False
ea80933cb3d0b1a154d6397e0c2a0d69d7dc0e4c,2017-03-28 08:06:05-07:00,testutils.py,8,42,False
5e65a318585153b5b214bd1b417aee4cf907c634,2017-03-29 17:36:45+00:00,core.py,118,382,True
5e65a318585153b5b214bd1b417aee4cf907c634,2017-03-29 17:36:45+00:00,test_components.py,34,116,False
5e65a318585153b5b214bd1b417aee4cf907c634,2017-03-29 17:36:45+00:00,testutils.py,8,42,False
3db47f8c8e0f8825e47a8f24e277c7964f3b768f,2017-03-31 15:22:25+00:00,inspectutils.py,19,54,False
3db47f8c8e0f8825e47a8f24e277c7964f3b768f,2017-03-31 15:22:25+00:00,interact.py,14,41,False
9eb788624958453053c96e37a16521f87b7651bd,2017-03-31 14:55:15+00:00,completion.py,33,114,True
9eb788624958453053c96e37a16521f87b7651bd,2017-03-31 14:55:15+00:00,completion_test.py,17,116,False
9eb788624958453053c96e37a16521f87b7651bd,2017-03-31 14:55:15+00:00,test_components.py,34,116,False
f48f93b5161d502549f7d21a4be2fd80b0431915,2017-04-06 16:26:42-06:00,setup.py,0,51,False
a0791c9d40565a36bc540a168a6c19670dd90c78,2017-04-07 10:10:41-07:00,core.py,118,382,True
a0791c9d40565a36bc540a168a6c19670dd90c78,2017-04-07 10:10:41-07:00,core_test.py,13,72,False
a0791c9d40565a36bc540a168a6c19670dd90c78,2017-04-07 10:10:41-07:00,test_components.py,35,121,False
c1f045d9abaacc1f2a24ff78647be02ac1d277d2,2017-04-11 11:30:47-06:00,setup.py,0,51,False
8eb6aa51a9681b62ab3763ee6e7ea4382f928ac3,2017-04-10 21:09:17+00:00,core_test.py,13,72,False
b76f1c3deac6b6277ee621330556bf430252dc1c,2017-04-11 10:44:51-07:00,core.py,118,389,True
b76f1c3deac6b6277ee621330556bf430252dc1c,2017-04-11 10:44:51-07:00,core_test.py,13,72,False
b76f1c3deac6b6277ee621330556bf430252dc1c,2017-04-11 10:44:51-07:00,testutils.py,11,49,False
b76f1c3deac6b6277ee621330556bf430252dc1c,2017-04-11 10:44:51-07:00,testutils_test.py,3,27,False
3b04b0edb969dcfa0b6af63fe347c551aaf9a42c,2017-04-13 14:02:34-07:00,core.py,118,390,True
3b04b0edb969dcfa0b6af63fe347c551aaf9a42c,2017-04-13 14:02:34-07:00,fire_test.py,47,319,False
d9982003c6c9a1b6fb3add26d26f6eaf1e007332,2017-04-13 14:27:50-07:00,completion.py,33,112,True
d9982003c6c9a1b6fb3add26d26f6eaf1e007332,2017-04-13 14:27:50-07:00,fire_test.py,47,319,False
d9982003c6c9a1b6fb3add26d26f6eaf1e007332,2017-04-13 14:27:50-07:00,helputils.py,35,107,False
d9982003c6c9a1b6fb3add26d26f6eaf1e007332,2017-04-13 14:27:50-07:00,inspectutils.py,19,53,False
d9982003c6c9a1b6fb3add26d26f6eaf1e007332,2017-04-13 14:27:50-07:00,testutils_test.py,3,29,False
1f366f97602a1806f623ae73f07888abd61162ca,2017-04-19 09:56:02-07:00,core.py,118,390,True
1f366f97602a1806f623ae73f07888abd61162ca,2017-04-19 09:56:02-07:00,fire_test.py,47,320,False
3126e2cd70ba8f790aad7d2d32ca1cf1fb90b9bf,2017-05-20 23:42:35-07:00,setup.py,0,51,False
952e20d1d5e0c264dd17f4f52ebf28f6a194b4c1,2017-05-24 17:02:57-07:00,core.py,114,377,True
952e20d1d5e0c264dd17f4f52ebf28f6a194b4c1,2017-05-24 17:02:57-07:00,helputils_test.py,14,98,True
952e20d1d5e0c264dd17f4f52ebf28f6a194b4c1,2017-05-24 17:02:57-07:00,inspectutils.py,26,82,False
952e20d1d5e0c264dd17f4f52ebf28f6a194b4c1,2017-05-24 17:02:57-07:00,interact_test.py,2,27,False
952e20d1d5e0c264dd17f4f52ebf28f6a194b4c1,2017-05-24 17:02:57-07:00,setup.py,0,50,False
b5053bad7c92bb2ee73d99d924b09a48d1498d67,2017-07-21 13:52:58-07:00,core.py,116,382,True
b5053bad7c92bb2ee73d99d924b09a48d1498d67,2017-07-21 13:52:58-07:00,core_test.py,13,73,False
b5053bad7c92bb2ee73d99d924b09a48d1498d67,2017-07-21 13:52:58-07:00,decorators_test.py,22,113,False
b5053bad7c92bb2ee73d99d924b09a48d1498d67,2017-07-21 13:52:58-07:00,fire_test.py,49,463,False
3e98ed525eced05a5e78418f92770da28c71cf8e,2017-07-24 08:54:10-07:00,setup.py,0,56,False
43c0b8cd3955110e1c79e55ad97ee64b30c79956,2017-07-24 10:48:22-07:00,setup.py,0,55,False
a944d2854f881469c0e099a1a029806bedd670dc,2017-07-24 11:52:19-07:00,setup.py,0,54,False
6c3331fb3e6197ac84320d7ddcf3c536e3b31c11,2017-07-24 14:14:29-07:00,setup.py,0,52,False
379dd0a497c9698c7cf0a6be98e58cc836b3a71c,2017-08-21 17:37:30+02:00,core.py,116,382,True
e76a10c0511ea4485b57543ccb966e7778213279,2017-08-29 10:16:20-07:00,core.py,116,382,True
7400ca845eb5fb41bc788e5b3052e860ab17e43b,2017-10-11 19:15:08+02:00,parser.py,15,45,True
7400ca845eb5fb41bc788e5b3052e860ab17e43b,2017-10-11 19:15:08+02:00,parser_test.py,20,100,False
fa575938964a65e29d89f7f13244587602cf957d,2017-12-04 17:01:10-05:00,core.py,117,389,True
fa575938964a65e29d89f7f13244587602cf957d,2017-12-04 17:01:10-05:00,fire_test.py,49,467,False
72604f40314008e562ba47936dcc183b51166b72,2017-12-04 14:30:37-08:00,core.py,117,389,True
7f166e90890f18c77aee2ea5f2c24ba97b818f8e,2018-01-08 11:21:03-08:00,decorators_test.py,22,113,False
7f166e90890f18c77aee2ea5f2c24ba97b818f8e,2018-01-08 11:21:03-08:00,helputils.py,35,107,False
7f166e90890f18c77aee2ea5f2c24ba97b818f8e,2018-01-08 11:21:03-08:00,test_components.py,35,121,False
7f166e90890f18c77aee2ea5f2c24ba97b818f8e,2018-01-08 11:21:03-08:00,trace.py,38,150,False
9bff9d01ce16589201f57ffef27ea84744951c11,2018-01-11 01:20:54+01:00,parser_fuzz_test.py,10,67,False
6912ccd56f50e0f4bb30a0725d95858ef29f3bde,2018-02-23 10:08:24-08:00,parser_fuzz_test.py,10,68,False
6912ccd56f50e0f4bb30a0725d95858ef29f3bde,2018-02-23 10:08:24-08:00,setup.py,0,52,False
83a8036ea9a3a4594ba89d0f48e48a2aed597a7e,2018-05-21 16:41:04-04:00,completion.py,40,154,True
83a8036ea9a3a4594ba89d0f48e48a2aed597a7e,2018-05-21 16:41:04-04:00,completion_test.py,21,146,False
83a8036ea9a3a4594ba89d0f48e48a2aed597a7e,2018-05-21 16:41:04-04:00,core.py,117,389,True
83a8036ea9a3a4594ba89d0f48e48a2aed597a7e,2018-05-21 16:41:04-04:00,parser.py,15,45,True
021d627c92adead1aa8cc45a1308a6e4980dbcca,2018-06-21 16:02:57-07:00,completion.py,40,154,True
021d627c92adead1aa8cc45a1308a6e4980dbcca,2018-06-21 16:02:57-07:00,core.py,126,414,True
021d627c92adead1aa8cc45a1308a6e4980dbcca,2018-06-21 16:02:57-07:00,core_test.py,16,104,True
021d627c92adead1aa8cc45a1308a6e4980dbcca,2018-06-21 16:02:57-07:00,parser_fuzz_test.py,10,68,False
021d627c92adead1aa8cc45a1308a6e4980dbcca,2018-06-21 16:02:57-07:00,test_components.py,40,140,False
eb8f053cee599b49a7ec4f313b6ed7d7fb33e907,2018-06-22 06:05:15+02:00,parser_fuzz_test.py,10,68,False
b55cebd963e3edeb7ac477e0d3c612b78ce24970,2018-06-27 10:53:52-07:00,cipher.py,8,20,False
b55cebd963e3edeb7ac477e0d3c612b78ce24970,2018-06-27 10:53:52-07:00,cipher_test.py,1,11,False
b55cebd963e3edeb7ac477e0d3c612b78ce24970,2018-06-27 10:53:52-07:00,diff.py,6,30,False
b55cebd963e3edeb7ac477e0d3c612b78ce24970,2018-06-27 10:53:52-07:00,diff_test.py,7,59,False
b55cebd963e3edeb7ac477e0d3c612b78ce24970,2018-06-27 10:53:52-07:00,difffull.py,1,6,False
b55cebd963e3edeb7ac477e0d3c612b78ce24970,2018-06-27 10:53:52-07:00,identity.py,2,7,False
b55cebd963e3edeb7ac477e0d3c612b78ce24970,2018-06-27 10:53:52-07:00,collector.py,4,12,False
b55cebd963e3edeb7ac477e0d3c612b78ce24970,2018-06-27 10:53:52-07:00,collector_test.py,3,15,False
b55cebd963e3edeb7ac477e0d3c612b78ce24970,2018-06-27 10:53:52-07:00,widget.py,4,10,False
b55cebd963e3edeb7ac477e0d3c612b78ce24970,2018-06-27 10:53:52-07:00,widget_test.py,2,13,False
b55cebd963e3edeb7ac477e0d3c612b78ce24970,2018-06-27 10:53:52-07:00,__init__.py,0,5,False
b55cebd963e3edeb7ac477e0d3c612b78ce24970,2018-06-27 10:53:52-07:00,completion.py,40,154,True
b55cebd963e3edeb7ac477e0d3c612b78ce24970,2018-06-27 10:53:52-07:00,completion_test.py,21,146,False
b55cebd963e3edeb7ac477e0d3c612b78ce24970,2018-06-27 10:53:52-07:00,core.py,133,436,True
b55cebd963e3edeb7ac477e0d3c612b78ce24970,2018-06-27 10:53:52-07:00,core_test.py,17,111,True
b55cebd963e3edeb7ac477e0d3c612b78ce24970,2018-06-27 10:53:52-07:00,decorators.py,9,39,False
b55cebd963e3edeb7ac477e0d3c612b78ce24970,2018-06-27 10:53:52-07:00,decorators_test.py,22,113,False
b55cebd963e3edeb7ac477e0d3c612b78ce24970,2018-06-27 10:53:52-07:00,fire_import_test.py,3,15,False
b55cebd963e3edeb7ac477e0d3c612b78ce24970,2018-06-27 10:53:52-07:00,fire_test.py,49,467,False
b55cebd963e3edeb7ac477e0d3c612b78ce24970,2018-06-27 10:53:52-07:00,helputils.py,35,107,False
b55cebd963e3edeb7ac477e0d3c612b78ce24970,2018-06-27 10:53:52-07:00,helputils_test.py,14,98,True
b55cebd963e3edeb7ac477e0d3c612b78ce24970,2018-06-27 10:53:52-07:00,inspectutils.py,26,82,False
b55cebd963e3edeb7ac477e0d3c612b78ce24970,2018-06-27 10:53:52-07:00,inspectutils_test.py,10,87,False
b55cebd963e3edeb7ac477e0d3c612b78ce24970,2018-06-27 10:53:52-07:00,interact.py,14,41,False
b55cebd963e3edeb7ac477e0d3c612b78ce24970,2018-06-27 10:53:52-07:00,interact_test.py,2,27,False
b55cebd963e3edeb7ac477e0d3c612b78ce24970,2018-06-27 10:53:52-07:00,parser.py,15,45,True
b55cebd963e3edeb7ac477e0d3c612b78ce24970,2018-06-27 10:53:52-07:00,parser_fuzz_test.py,10,68,False
b55cebd963e3edeb7ac477e0d3c612b78ce24970,2018-06-27 10:53:52-07:00,parser_test.py,20,100,False
b55cebd963e3edeb7ac477e0d3c612b78ce24970,2018-06-27 10:53:52-07:00,test_components.py,43,146,False
b55cebd963e3edeb7ac477e0d3c612b78ce24970,2018-06-27 10:53:52-07:00,test_components_py3.py,3,8,False
b55cebd963e3edeb7ac477e0d3c612b78ce24970,2018-06-27 10:53:52-07:00,test_components_test.py,2,16,False
b55cebd963e3edeb7ac477e0d3c612b78ce24970,2018-06-27 10:53:52-07:00,testutils.py,11,49,False
b55cebd963e3edeb7ac477e0d3c612b78ce24970,2018-06-27 10:53:52-07:00,testutils_test.py,3,29,False
b55cebd963e3edeb7ac477e0d3c612b78ce24970,2018-06-27 10:53:52-07:00,trace.py,39,163,False
b55cebd963e3edeb7ac477e0d3c612b78ce24970,2018-06-27 10:53:52-07:00,trace_test.py,15,101,False
b55cebd963e3edeb7ac477e0d3c612b78ce24970,2018-06-27 10:53:52-07:00,setup.py,0,52,False
6e0ca736a9ab6ff586f6c60c7d6ab500e528f600,2018-07-27 09:09:53-07:00,core.py,133,436,True
6e0ca736a9ab6ff586f6c60c7d6ab500e528f600,2018-07-27 09:09:53-07:00,trace.py,37,139,False
6e0ca736a9ab6ff586f6c60c7d6ab500e528f600,2018-07-27 09:09:53-07:00,trace_test.py,16,114,False
54f91a21c06a17003f93cf7c6e4657180cffefc2,2018-08-29 01:21:50+02:00,diff.py,6,32,False
0a6bb9d75488751746aae7b4b54c3bab57408c4a,2018-10-05 13:29:54-05:00,core.py,142,453,True
0a6bb9d75488751746aae7b4b54c3bab57408c4a,2018-10-05 13:29:54-05:00,fire_test.py,50,489,False
0a6bb9d75488751746aae7b4b54c3bab57408c4a,2018-10-05 13:29:54-05:00,test_components.py,44,149,False
f37dd2b8a52c597c8860de941326143709d5a219,2018-10-05 13:27:28-07:00,core.py,143,454,True
f37dd2b8a52c597c8860de941326143709d5a219,2018-10-05 13:27:28-07:00,fire_test.py,50,489,False
f37dd2b8a52c597c8860de941326143709d5a219,2018-10-05 13:27:28-07:00,helputils.py,43,132,True
5347858957e2f3ec9a390260e52c43a7fd293192,2018-10-05 16:08:56-07:00,core.py,143,454,True
5347858957e2f3ec9a390260e52c43a7fd293192,2018-10-05 16:08:56-07:00,fire_test.py,51,493,False
5347858957e2f3ec9a390260e52c43a7fd293192,2018-10-05 16:08:56-07:00,helputils.py,43,132,True
5347858957e2f3ec9a390260e52c43a7fd293192,2018-10-05 16:08:56-07:00,test_components.py,45,152,False
53a3498fd2d1a364b7af6c482772112ef6476694,2018-10-05 16:30:19-07:00,core.py,144,454,True
53a3498fd2d1a364b7af6c482772112ef6476694,2018-10-05 16:30:19-07:00,fire_test.py,55,529,False
fe1fda46d9ae2495920a0b7e78ecf7bb054fe727,2018-10-08 18:15:05-07:00,core.py,147,454,True
fe1fda46d9ae2495920a0b7e78ecf7bb054fe727,2018-10-08 18:15:05-07:00,fire_test.py,56,545,False
5f83beecdaa6f7525fa3236516bfba916e39ebd8,2018-10-08 18:30:27-07:00,fire_test.py,57,561,False
5f83beecdaa6f7525fa3236516bfba916e39ebd8,2018-10-08 18:30:27-07:00,test_components.py,46,154,False
687bf37aa71d87ba8dd7f859fb0f73f84cbb93bc,2018-10-09 10:26:05-07:00,core.py,146,451,True
1d0465e8c1e7be1308b8540e41a8020854197312,2018-12-04 13:36:56-08:00,completion.py,40,154,True
1d0465e8c1e7be1308b8540e41a8020854197312,2018-12-04 13:36:56-08:00,core.py,146,451,True
1d0465e8c1e7be1308b8540e41a8020854197312,2018-12-04 13:36:56-08:00,docstrings.py,99,329,True
1d0465e8c1e7be1308b8540e41a8020854197312,2018-12-04 13:36:56-08:00,docstrings_fuzz_test.py,1,18,False
1d0465e8c1e7be1308b8540e41a8020854197312,2018-12-04 13:36:56-08:00,docstrings_test.py,12,197,True
1d0465e8c1e7be1308b8540e41a8020854197312,2018-12-04 13:36:56-08:00,helputils.py,63,230,True
1d0465e8c1e7be1308b8540e41a8020854197312,2018-12-04 13:36:56-08:00,helputils_test.py,21,205,True
1d0465e8c1e7be1308b8540e41a8020854197312,2018-12-04 13:36:56-08:00,test_components.py,47,156,False
1d0465e8c1e7be1308b8540e41a8020854197312,2018-12-04 13:36:56-08:00,testutils.py,10,49,False
1d0465e8c1e7be1308b8540e41a8020854197312,2018-12-04 13:36:56-08:00,trace.py,40,147,False
1d0465e8c1e7be1308b8540e41a8020854197312,2018-12-04 13:36:56-08:00,value_types.py,5,12,True
69f1ef0417ec1cb9547f40d40e45488e2dd33f91,2018-12-14 19:03:09+13:00,docstrings.py,99,329,True
69f1ef0417ec1cb9547f40d40e45488e2dd33f91,2018-12-14 19:03:09+13:00,inspectutils.py,26,82,False
69f1ef0417ec1cb9547f40d40e45488e2dd33f91,2018-12-14 19:03:09+13:00,trace.py,40,147,False
871ffabb0015daf9c4a8179d0aef38af01a829c9,2018-12-14 15:07:43-08:00,completion.py,42,156,True
871ffabb0015daf9c4a8179d0aef38af01a829c9,2018-12-14 15:07:43-08:00,helputils_test.py,21,202,True
57c777316d862e7d6425b54b813d264fbc27a2ce,2019-01-03 20:22:59+01:00,core.py,153,468,True
57c777316d862e7d6425b54b813d264fbc27a2ce,2019-01-03 20:22:59+01:00,core_test.py,20,120,True
57c777316d862e7d6425b54b813d264fbc27a2ce,2019-01-03 20:22:59+01:00,inspectutils.py,28,87,False
57c777316d862e7d6425b54b813d264fbc27a2ce,2019-01-03 20:22:59+01:00,test_components.py,48,160,False
e58c858dbf239b1e7afcf4300d784ccf8ddc4c93,2019-01-18 17:26:07-05:00,helputils.py,83,328,True
e58c858dbf239b1e7afcf4300d784ccf8ddc4c93,2019-01-18 17:26:07-05:00,helputils_test.py,22,235,True
e58c858dbf239b1e7afcf4300d784ccf8ddc4c93,2019-01-18 17:26:07-05:00,test_components.py,51,167,False
105930e3d984c9d5d05fe8406e18eb57bdea32e9,2019-01-23 12:38:00-05:00,docstrings_fuzz_test.py,1,17,False
a81d1d2f13d12494d55a00c287dbacc783d4a5ae,2019-01-30 14:52:39-05:00,interact.py,14,41,False
855f317c31df736f28810bb4a94bc62492f1ed80,2019-01-30 15:26:23-05:00,helputils.py,83,328,True
b9aafbdf34ba8ed0ef87089546c30e87f24e4c20,2019-01-30 12:42:47-08:00,helputils.py,83,328,True
c99a0349980bca39700ce683b796453377bb805c,2019-01-30 15:04:34-08:00,docstrings_fuzz_test.py,1,17,False
c99a0349980bca39700ce683b796453377bb805c,2019-01-30 15:04:34-08:00,helputils.py,83,328,True
c13d87beee605565a6aece6b7464baa9fc552518,2019-02-15 12:56:47-08:00,console_attr.py,91,313,True
c13d87beee605565a6aece6b7464baa9fc552518,2019-02-15 12:56:47-08:00,console_attr_os.py,38,144,False
c13d87beee605565a6aece6b7464baa9fc552518,2019-02-15 12:56:47-08:00,console_pager.py,52,186,False
c13d87beee605565a6aece6b7464baa9fc552518,2019-02-15 12:56:47-08:00,encoding.py,26,67,False
c11a3fa79321f3388ebb78492b9300910b9c95f6,2019-02-21 09:28:48-08:00,helputils.py,95,390,True
c11a3fa79321f3388ebb78492b9300910b9c95f6,2019-02-21 09:28:48-08:00,helputils_test.py,23,259,True
c11a3fa79321f3388ebb78492b9300910b9c95f6,2019-02-21 09:28:48-08:00,test_components.py,53,172,False
42ff6cfa53e2bf5e9cce34f915e5c2443579578e,2019-02-21 09:35:11-08:00,core.py,155,480,True
42ff6cfa53e2bf5e9cce34f915e5c2443579578e,2019-02-21 09:35:11-08:00,core_test.py,20,120,True
f47c938b8e417eb02c26bc3134870f6f636cd44a,2019-02-21 09:38:47-08:00,helputils.py,95,391,True
f47c938b8e417eb02c26bc3134870f6f636cd44a,2019-02-21 09:38:47-08:00,helputils_test.py,23,259,True
e35e650f72abb23cdb7104ff75611b78142844e4,2019-02-21 09:52:19-08:00,__init__.py,,,False
5f2fa985187b837fe55dab596eece91f1931c929,2019-02-22 03:33:16+05:30,completion.py,51,292,True
5f2fa985187b837fe55dab596eece91f1931c929,2019-02-22 03:33:16+05:30,completion_test.py,22,148,False
8afe885e6d0728aa201ea2da3c2cf33d5490872c,2019-02-21 14:57:03-05:00,completion.py,42,156,True
8afe885e6d0728aa201ea2da3c2cf33d5490872c,2019-02-21 14:57:03-05:00,completion_test.py,21,146,False
cb311f16a86c29bcde6de3e2e04d129774b431ce,2019-02-21 17:00:56-05:00,docstrings_fuzz_test.py,1,17,False
7651785f962389017ab492c3a0698f96d7033881,2019-02-21 17:56:00-05:00,completion.py,51,294,True
7651785f962389017ab492c3a0698f96d7033881,2019-02-21 17:56:00-05:00,completion_test.py,22,148,False
7538c3dd82ac5a49c696ce6fae1204fc2f8b3de1,2019-02-22 14:39:58-05:00,completion.py,51,292,True
7538c3dd82ac5a49c696ce6fae1204fc2f8b3de1,2019-02-22 14:39:58-05:00,completion_test.py,22,148,False
9104daf7aef084106bb19106441339f4095b59ce,2019-02-22 13:47:56-08:00,completion.py,51,294,True
9104daf7aef084106bb19106441339f4095b59ce,2019-02-22 13:47:56-08:00,completion_test.py,22,148,False
6dc65316950c4daa9b68b9e9ad498ec86444dd75,2019-02-22 13:49:52-08:00,core.py,155,480,True
668007ae41391f5964870b4597e41493a936a11e,2019-02-26 08:55:59-08:00,helputils_test.py,23,258,True
668007ae41391f5964870b4597e41493a936a11e,2019-02-26 08:55:59-08:00,inspectutils.py,29,88,False
668007ae41391f5964870b4597e41493a936a11e,2019-02-26 08:55:59-08:00,inspectutils_test.py,10,85,False
2363b5f2b770d853017585f62633670fd52c8d3e,2019-02-26 13:35:02-08:00,setup.py,0,53,False
1c1f6dd1107034b9693c9a6e5ed417331e69bc31,2019-03-04 11:38:27-08:00,core.py,155,480,True
1c1f6dd1107034b9693c9a6e5ed417331e69bc31,2019-03-04 11:38:27-08:00,docstrings.py,99,329,True
1c1f6dd1107034b9693c9a6e5ed417331e69bc31,2019-03-04 11:38:27-08:00,trace.py,40,147,False
36fcb1995ba7dd0bf42d59e799ab8ad7cbfb91a3,2019-03-04 13:32:59-08:00,core.py,155,479,True
665c4976934208e4630703e58956b5185f2c4636,2019-03-19 12:41:03-07:00,helputils.py,103,425,True
665c4976934208e4630703e58956b5185f2c4636,2019-03-19 12:41:03-07:00,helputils_test.py,24,282,True
665c4976934208e4630703e58956b5185f2c4636,2019-03-19 12:41:03-07:00,test_components.py,53,172,False
2f80522f6d27be3eef36781400e26ad2768f5a37,2019-03-19 13:27:12-07:00,helputils_test.py,24,282,True
c507c093fa6622ab5efee21709ffbf25974e4cf7,2019-03-21 13:40:33-07:00,parser.py,15,45,True
669cf281a5c7bf615c7d51478fbec30833f99fbc,2019-03-26 14:36:02-07:00,helptext.py,64,310,True
669cf281a5c7bf615c7d51478fbec30833f99fbc,2019-03-26 14:36:02-07:00,helptext_test.py,10,193,True
669cf281a5c7bf615c7d51478fbec30833f99fbc,2019-03-26 14:36:02-07:00,helputils.py,44,135,False
669cf281a5c7bf615c7d51478fbec30833f99fbc,2019-03-26 14:36:02-07:00,helputils_test.py,14,97,True
d0af0270b1e91d392f344baca3452e7aa117872a,2019-03-27 10:44:34-07:00,helptext.py,79,315,True
d0af0270b1e91d392f344baca3452e7aa117872a,2019-03-27 10:44:34-07:00,helptext_test.py,11,200,True
1b185bb181eb55a6f9b52ac20c84c4c30403da45,2019-04-02 17:25:47-07:00,helptext.py,79,315,True
1b185bb181eb55a6f9b52ac20c84c4c30403da45,2019-04-02 17:25:47-07:00,helptext_test.py,11,200,True
2b152ce28724912975293cd6096d957dee1d9712,2019-04-09 12:33:04-07:00,helptext.py,82,317,True
2b152ce28724912975293cd6096d957dee1d9712,2019-04-09 12:33:04-07:00,helptext_test.py,11,202,True
9eaca743b07f08ec5edfdd6f40615bb0a5c4c3a3,2019-04-09 15:25:06-07:00,helptext.py,85,324,True
9eaca743b07f08ec5edfdd6f40615bb0a5c4c3a3,2019-04-09 15:25:06-07:00,helptext_test.py,14,218,True
f006733e982743925069aa9ca98f500702d94e3d,2019-04-09 16:16:01-07:00,helptext_test.py,14,218,True
20f8ba8fecffd894aeb7c90990d4c18a94392878,2019-04-10 09:21:22-07:00,formatting.py,5,13,False
20f8ba8fecffd894aeb7c90990d4c18a94392878,2019-04-10 09:21:22-07:00,formatting_test.py,4,20,False
20f8ba8fecffd894aeb7c90990d4c18a94392878,2019-04-10 09:21:22-07:00,helptext.py,80,317,True
82f18d538071271aa4f9b819a0dca8c02098188e,2019-04-10 13:24:27-07:00,inspectutils.py,30,90,False
82f18d538071271aa4f9b819a0dca8c02098188e,2019-04-10 13:24:27-07:00,inspectutils_test.py,11,88,False
1bfc1d09279d5712cf01672bec0ae941ffccb160,2019-04-11 05:21:00-07:00,formatting.py,5,13,False
643438126ed8d8a50d4f7e7e024b4d3c984b9084,2019-04-16 09:36:43-07:00,core.py,155,478,True
643438126ed8d8a50d4f7e7e024b4d3c984b9084,2019-04-16 09:36:43-07:00,trace.py,40,147,False
925ae49420cb80d37127090fa75124b55ba447f4,2019-04-16 16:43:36-07:00,core.py,155,479,True
925ae49420cb80d37127090fa75124b55ba447f4,2019-04-16 16:43:36-07:00,trace.py,40,147,False
91b59abe18daecffa7fbc6484b578e6c429de400,2019-04-18 10:05:14-07:00,helptext.py,84,321,True
91b59abe18daecffa7fbc6484b578e6c429de400,2019-04-18 10:05:14-07:00,helptext_test.py,13,229,True
91b59abe18daecffa7fbc6484b578e6c429de400,2019-04-18 10:05:14-07:00,inspectutils.py,31,93,False
1a14611be3a80b1accc3c32ddbaac5747e945ffc,2019-04-18 10:34:17-07:00,helptext_test.py,14,244,True
4a0ab95536438a21b72ccc83dfeeb7707158590d,2019-04-19 10:12:04-07:00,helptext_test.py,15,257,True
1e2053bdd86f9e5fe0b4311b6fd9ff6a8c85167b,2019-04-19 10:32:07-07:00,helptext_test.py,15,250,True
5972332f2e4b63da2a5461d260e9426f052e2630,2019-04-19 20:05:24-07:00,helptext_test.py,17,269,True
3c1248181dcd02d0c4871e84bb2997f060f4fdc1,2019-04-26 14:34:10-07:00,helptext.py,85,322,True
3c1248181dcd02d0c4871e84bb2997f060f4fdc1,2019-04-26 14:34:10-07:00,helptext_test.py,21,314,True
25305e41287eff9d1a14efd5f445fe2ba04236ce,2019-05-17 21:50:36-07:00,helptext.py,85,322,True
25305e41287eff9d1a14efd5f445fe2ba04236ce,2019-05-17 21:50:36-07:00,helptext_test.py,21,314,True
e6233b241a8340c246d989438aff8fe0ec1632b4,2019-05-22 15:27:45-07:00,formatting.py,10,32,False
e6233b241a8340c246d989438aff8fe0ec1632b4,2019-05-22 15:27:45-07:00,formatting_test.py,6,29,False
e6233b241a8340c246d989438aff8fe0ec1632b4,2019-05-22 15:27:45-07:00,helptext.py,86,325,True
e6233b241a8340c246d989438aff8fe0ec1632b4,2019-05-22 15:27:45-07:00,helptext_test.py,21,314,True
b949850b279b5bb09e3589b2ae6a3612f3e60f7a,2019-05-24 08:15:15-07:00,helptext.py,88,329,True
966b1a844bc1d18996170481f2da2aea5f9caa58,2019-05-24 08:36:13-07:00,setup.py,0,53,False
7f54c6dd184c815280ea6645386cdc17a08a0ad8,2019-05-24 08:36:44-07:00,formatting.py,11,34,False
7f54c6dd184c815280ea6645386cdc17a08a0ad8,2019-05-24 08:36:44-07:00,helptext.py,88,329,True
7f54c6dd184c815280ea6645386cdc17a08a0ad8,2019-05-24 08:36:44-07:00,helptext_test.py,22,327,True
93431c7556f34212d300d8cbe4dd3ba67b413796,2019-05-24 10:08:53-07:00,helptext.py,88,329,True
93431c7556f34212d300d8cbe4dd3ba67b413796,2019-05-24 10:08:53-07:00,helptext_test.py,23,339,True
59dd4e028cef7046201ef9a19445a4e6c3073c11,2019-06-07 10:29:44-07:00,core.py,155,479,True
59dd4e028cef7046201ef9a19445a4e6c3073c11,2019-06-07 10:29:44-07:00,helptext.py,93,343,True
59dd4e028cef7046201ef9a19445a4e6c3073c11,2019-06-07 10:29:44-07:00,helptext_test.py,23,339,True
59dd4e028cef7046201ef9a19445a4e6c3073c11,2019-06-07 10:29:44-07:00,trace.py,42,149,False
111295ee29beab3fa0fd74c03d714d9223f1f065,2019-06-07 11:07:14-07:00,trace.py,42,150,False
585d4724412796601a27475c56e35660636bb5e2,2019-06-07 11:13:19-07:00,__init__.py,0,6,False
585d4724412796601a27475c56e35660636bb5e2,2019-06-07 11:13:19-07:00,setup.py,0,53,False
9e65820e6b84257da1a4fe9e247d59d86de070dc,2019-06-07 15:05:57-07:00,helptext.py,93,343,True
9e65820e6b84257da1a4fe9e247d59d86de070dc,2019-06-07 15:05:57-07:00,helptext_test.py,23,339,True
f64f887d8249b07823b9914508e244ab7d70e51c,2019-06-12 16:21:26-07:00,helptext_test.py,24,354,True
5e46d2d7220335635a9740f262ef026a7cf27067,2019-06-12 17:02:15-07:00,helptext.py,94,346,True
5e46d2d7220335635a9740f262ef026a7cf27067,2019-06-12 17:02:15-07:00,helptext_test.py,26,382,True
7b307b6ff79e6413b6c83d1b1d35060035f0d8f6,2019-06-12 17:08:14-07:00,core.py,155,479,True
7b307b6ff79e6413b6c83d1b1d35060035f0d8f6,2019-06-12 17:08:14-07:00,core_test.py,20,120,True
7b307b6ff79e6413b6c83d1b1d35060035f0d8f6,2019-06-12 17:08:14-07:00,fire_test.py,57,561,False
7b307b6ff79e6413b6c83d1b1d35060035f0d8f6,2019-06-12 17:08:14-07:00,helputils.py,,,False
7b307b6ff79e6413b6c83d1b1d35060035f0d8f6,2019-06-12 17:08:14-07:00,helputils_test.py,,,False
7b307b6ff79e6413b6c83d1b1d35060035f0d8f6,2019-06-12 17:08:14-07:00,setup.py,0,54,False
5b3b359fa9d897e455be8ba1f4c608a7f6444148,2019-06-12 20:37:49-07:00,core.py,155,478,True
3e9e64d17f55fc158358645f1c2cef04f876cffb,2019-06-12 21:03:02-07:00,helptext.py,94,344,True
3e9e64d17f55fc158358645f1c2cef04f876cffb,2019-06-12 21:03:02-07:00,helptext_test.py,26,370,True
76f2a87cd0a9f65eb4392093e141e3d1a7f91476,2019-06-13 07:19:37-07:00,core.py,155,480,True
76f2a87cd0a9f65eb4392093e141e3d1a7f91476,2019-06-13 07:19:37-07:00,formatting.py,12,36,False
b300c6e057fc4d282928e1049c8dbde3e350f1f8,2019-06-24 10:59:01-07:00,core.py,157,481,True
39db852d6642d7edb5a65bef9075c9cff17c0a36,2019-06-26 13:08:08-07:00,core.py,158,489,True
39db852d6642d7edb5a65bef9075c9cff17c0a36,2019-06-26 13:08:08-07:00,helptext.py,91,337,True
39db852d6642d7edb5a65bef9075c9cff17c0a36,2019-06-26 13:08:08-07:00,helptext_test.py,26,336,True
39db852d6642d7edb5a65bef9075c9cff17c0a36,2019-06-26 13:08:08-07:00,test_components_bin.py,1,10,False
453a64733a8e5d342ef68745134a1d821cfde283,2019-06-26 13:09:05-07:00,helptext.py,91,337,True
453a64733a8e5d342ef68745134a1d821cfde283,2019-06-26 13:09:05-07:00,helptext_test.py,26,336,True
4d136601175b623e1a50cb1757cf40ab8de70c85,2019-06-26 13:17:50-07:00,console_attr.py,97,330,True
4d136601175b623e1a50cb1757cf40ab8de70c85,2019-06-26 13:17:50-07:00,console_attr_os.py,38,144,False
4d136601175b623e1a50cb1757cf40ab8de70c85,2019-06-26 13:17:50-07:00,console_io.py,20,48,False
4d136601175b623e1a50cb1757cf40ab8de70c85,2019-06-26 13:17:50-07:00,console_pager.py,52,186,False
4d136601175b623e1a50cb1757cf40ab8de70c85,2019-06-26 13:17:50-07:00,encoding.py,26,67,False
4d136601175b623e1a50cb1757cf40ab8de70c85,2019-06-26 13:17:50-07:00,files.py,15,43,False
4d136601175b623e1a50cb1757cf40ab8de70c85,2019-06-26 13:17:50-07:00,platforms.py,75,245,False
4d136601175b623e1a50cb1757cf40ab8de70c85,2019-06-26 13:17:50-07:00,text.py,11,46,True
4d136601175b623e1a50cb1757cf40ab8de70c85,2019-06-26 13:17:50-07:00,core.py,157,485,True
d43cbf09b32eca2764158414d3484d4e4dbcf4ea,2019-06-26 13:19:01-07:00,core.py,157,486,True
294fd9549e5a30a2e3873f20a92f5333cd2166e9,2019-06-26 13:19:56-07:00,helptext.py,92,339,True
39fd897a7293c9deafd3b390c2378b250b6dea6e,2019-06-26 13:20:55-07:00,helptext.py,92,340,True
39fd897a7293c9deafd3b390c2378b250b6dea6e,2019-06-26 13:20:55-07:00,test_components.py,53,172,False
b2fbfec5bc1bcf67fac5f7b0663b97322faadc9a,2019-06-27 05:37:40-07:00,test_components_bin.py,1,9,False
1c9abf3b5a1c9fd722f15357c6731b9f6d4325d2,2019-06-27 11:50:51-07:00,console_attr_os.py,38,144,False
0e1dfe50ccb6268805e619a5ccc5b4163065f047,2019-07-01 12:18:00-07:00,core.py,162,486,True
0e1dfe50ccb6268805e619a5ccc5b4163065f047,2019-07-01 12:18:00-07:00,core_test.py,22,126,True
0e1dfe50ccb6268805e619a5ccc5b4163065f047,2019-07-01 12:18:00-07:00,decorators.py,9,39,False
0e1dfe50ccb6268805e619a5ccc5b4163065f047,2019-07-01 12:18:00-07:00,fire_test.py,59,569,False
0e1dfe50ccb6268805e619a5ccc5b4163065f047,2019-07-01 12:18:00-07:00,test_components.py,55,178,False
dea9c8de652d1c1fb4c195f9f3638ea6004b4d2d,2019-07-01 12:36:10-07:00,fire_test.py,59,569,False
cc6db7219012f4991286030a03df5e1d05141dc4,2019-07-01 13:03:31-07:00,core.py,162,486,True
cc6db7219012f4991286030a03df5e1d05141dc4,2019-07-01 13:03:31-07:00,core_test.py,24,132,True
cc6db7219012f4991286030a03df5e1d05141dc4,2019-07-01 13:03:31-07:00,fire_test.py,61,577,False
cc6db7219012f4991286030a03df5e1d05141dc4,2019-07-01 13:03:31-07:00,test_components.py,57,182,False
7f3156bb0b321b4e31a49e887fcff7b35c5d304f,2019-07-01 13:05:07-07:00,helptext.py,97,350,True
7f3156bb0b321b4e31a49e887fcff7b35c5d304f,2019-07-01 13:05:07-07:00,helptext_test.py,27,343,True
7f3156bb0b321b4e31a49e887fcff7b35c5d304f,2019-07-01 13:05:07-07:00,test_components.py,58,186,False
b6f6b3ab7d16799a7f32b1bc278280dde2b7ebf6,2019-07-01 13:16:41-07:00,fire_test.py,61,577,False
024fbad9424cfdb0d3c93c86c856aedbac0f9d48,2019-07-11 09:55:15-07:00,helptext.py,97,355,True
024fbad9424cfdb0d3c93c86c856aedbac0f9d48,2019-07-11 09:55:15-07:00,helptext_test.py,28,350,True
024fbad9424cfdb0d3c93c86c856aedbac0f9d48,2019-07-11 09:55:15-07:00,trace.py,44,150,False
979c7887286f276078a5380b27f14fca0a1f4f21,2019-07-22 10:39:12-07:00,test_components.py,58,190,False
149380b6b963fbad4de98b13d694de67867144af,2019-07-22 10:41:09-07:00,core.py,163,486,True
149380b6b963fbad4de98b13d694de67867144af,2019-07-22 10:41:09-07:00,value_types.py,9,18,True
0820e6551a93218362d0914abc68090566265466,2019-07-22 10:42:16-07:00,core.py,163,487,True
0820e6551a93218362d0914abc68090566265466,2019-07-22 10:42:16-07:00,value_types.py,9,19,True
ee210d16ef58b5bd9d80feef3754c0c56fdcbe72,2019-07-22 10:43:21-07:00,core.py,165,491,True
b9c32df6519a4cd49b9c68ab29f78f96ed9e092e,2019-07-22 10:44:36-07:00,completion.py,53,298,True
b9c32df6519a4cd49b9c68ab29f78f96ed9e092e,2019-07-22 10:44:36-07:00,core.py,162,486,True
b9c32df6519a4cd49b9c68ab29f78f96ed9e092e,2019-07-22 10:44:36-07:00,helptext.py,97,356,True
402ea3fc4cd6e9722e1e6137b170ed323b215603,2019-07-22 10:46:34-07:00,helptext.py,105,376,True
34c82659550d964b711a6d4fff734f7be13a2836,2019-07-22 11:22:06-07:00,test_components.py,58,188,False
b80d596ae8b20519c542d8cc2cb03318f7098b2d,2019-07-22 11:36:28-07:00,helptext.py,107,365,True
b80d596ae8b20519c542d8cc2cb03318f7098b2d,2019-07-22 11:36:28-07:00,helptext_test.py,29,357,True
f547c68c11960a602827e45bbc55e866c137d5a8,2019-07-22 13:26:28-07:00,helptext_test.py,29,357,True
46d100e1fcb446a5481fbe148a4419c1e31777bc,2019-07-22 17:41:24-07:00,custom_descriptions.py,7,15,False
46d100e1fcb446a5481fbe148a4419c1e31777bc,2019-07-22 17:41:24-07:00,docstrings.py,99,329,True
46d100e1fcb446a5481fbe148a4419c1e31777bc,2019-07-22 17:41:24-07:00,helptext.py,109,372,True
46d100e1fcb446a5481fbe148a4419c1e31777bc,2019-07-22 17:41:24-07:00,helptext_test.py,29,357,True
a9b4819cb72cd272ea25d38f1e964d55af6c8fc6,2019-07-23 09:47:48-07:00,custom_descriptions.py,7,15,False
337342e236cb32694f481d3ab84592a52c83029a,2019-07-23 15:38:05-07:00,inspectutils.py,32,97,True
337342e236cb32694f481d3ab84592a52c83029a,2019-07-23 15:38:05-07:00,inspectutils_test.py,13,106,False
337342e236cb32694f481d3ab84592a52c83029a,2019-07-23 15:38:05-07:00,test_components.py,58,193,False
73dde2ca4a01a70f14c4f89e28cccad1a81392cd,2019-07-24 11:18:28-07:00,inspectutils.py,32,97,True
01651a2841db5a3e45e1b3cf62b208730f80f3e4,2019-07-24 11:20:22-07:00,core_test.py,26,144,True
01651a2841db5a3e45e1b3cf62b208730f80f3e4,2019-07-24 11:20:22-07:00,test_components.py,61,203,False
970d292f1d04fde282a7a3063d3c0f4b8b763348,2019-07-24 11:28:11-07:00,helptext.py,113,382,True
970d292f1d04fde282a7a3063d3c0f4b8b763348,2019-07-24 11:28:11-07:00,helptext_test.py,29,357,True
970d292f1d04fde282a7a3063d3c0f4b8b763348,2019-07-24 11:28:11-07:00,test_components.py,63,208,False
ce030f66b41279343b62e31a355f11c214c0cd99,2019-07-24 11:48:24-07:00,helptext_test.py,29,358,True
c1a4acf17433701b8048e6ff34beb3cd9c31121c,2019-07-24 13:42:02-07:00,helptext.py,123,389,True
c1a4acf17433701b8048e6ff34beb3cd9c31121c,2019-07-24 13:42:02-07:00,helptext_test.py,29,358,True
c1a4acf17433701b8048e6ff34beb3cd9c31121c,2019-07-24 13:42:02-07:00,test_components.py,63,209,False
97a401e435183420e83f85b4ae6e82ee4ed43b06,2019-07-24 14:02:02-07:00,helptext.py,123,389,True
97a401e435183420e83f85b4ae6e82ee4ed43b06,2019-07-24 14:02:02-07:00,helptext_test.py,29,358,True
ed3cd74b4d24b2f94c6fb620d15ab00c9c22c9ca,2019-07-24 14:50:01-07:00,helptext.py,123,390,True
dbc8022386a48462074c8a5ddd01055bfd690606,2019-07-25 15:13:18-07:00,docstrings.py,107,347,True
dbc8022386a48462074c8a5ddd01055bfd690606,2019-07-25 15:13:18-07:00,docstrings_test.py,13,201,True
dbc8022386a48462074c8a5ddd01055bfd690606,2019-07-25 15:13:18-07:00,test_components.py,64,211,False
3d74ae8e486054d391c23650da201371b89de90c,2019-07-25 15:24:04-07:00,completion.py,59,305,True
3d74ae8e486054d391c23650da201371b89de90c,2019-07-25 15:24:04-07:00,core.py,162,486,True
3d74ae8e486054d391c23650da201371b89de90c,2019-07-25 15:24:04-07:00,helptext.py,115,367,True
3d74ae8e486054d391c23650da201371b89de90c,2019-07-25 15:24:04-07:00,inspectutils.py,33,99,True
3d74ae8e486054d391c23650da201371b89de90c,2019-07-25 15:24:04-07:00,test_components.py,65,214,False
88999fd5664d24e52ab8477306b30aefa54369ae,2019-07-25 15:25:27-07:00,core.py,163,488,True
8d47ddb0ff2eac9e5f61ab7f1063c5e7e476ae2f,2019-07-25 15:40:43-07:00,helptext.py,117,371,True
b05ae0d891657d924ab67ffa5da3fbc0a00f22d7,2019-07-25 15:42:15-07:00,core.py,163,489,True
c3d6b2d18fac35eef081b3e6065eb804000a1c6c,2019-07-25 15:54:50-07:00,docstrings_test.py,13,203,True
283e3a7c7589354576598af611a11e6c23018129,2019-07-25 16:10:05-07:00,docstrings_test.py,13,203,True
ba22c7841071c911cf691c7132d67409ef13a670,2019-07-25 16:11:24-07:00,helptext.py,117,371,True
ba22c7841071c911cf691c7132d67409ef13a670,2019-07-25 16:11:24-07:00,test_components.py,65,214,False
8de88360b6bf83aa2bb76cc64d117d0daa5e4dfc,2019-07-25 16:12:50-07:00,completion.py,67,322,True
8de88360b6bf83aa2bb76cc64d117d0daa5e4dfc,2019-07-25 16:12:50-07:00,core.py,163,494,True
8de88360b6bf83aa2bb76cc64d117d0daa5e4dfc,2019-07-25 16:12:50-07:00,helptext.py,117,366,True
8de88360b6bf83aa2bb76cc64d117d0daa5e4dfc,2019-07-25 16:12:50-07:00,helptext_test.py,30,369,True
8de88360b6bf83aa2bb76cc64d117d0daa5e4dfc,2019-07-25 16:12:50-07:00,inspectutils.py,33,99,True
05080ec3afa6614703770bd06ade01d042a68e8c,2019-07-25 16:21:37-07:00,completion.py,67,322,True
05080ec3afa6614703770bd06ade01d042a68e8c,2019-07-25 16:21:37-07:00,helptext_test.py,30,368,True
88f392319afd22d95f342fc7e0b09a204873a0b0,2019-07-25 16:38:17-07:00,helptext.py,119,369,True
88f392319afd22d95f342fc7e0b09a204873a0b0,2019-07-25 16:38:17-07:00,helptext_test.py,30,368,False
88f392319afd22d95f342fc7e0b09a204873a0b0,2019-07-25 16:38:17-07:00,inspectutils.py,36,106,True
88f392319afd22d95f342fc7e0b09a204873a0b0,2019-07-25 16:38:17-07:00,test_components.py,65,215,False
86e2c355517d51488488068cf833185442e91d3c,2019-07-25 16:39:33-07:00,__init__.py,0,6,False
86e2c355517d51488488068cf833185442e91d3c,2019-07-25 16:39:33-07:00,setup.py,0,54,False
962907495556305385ee73eaecf9ff6e83ebe6cd,2019-07-25 16:56:53-07:00,helptext_test.py,30,368,False
962907495556305385ee73eaecf9ff6e83ebe6cd,2019-07-25 16:56:53-07:00,test_components.py,65,215,False
18ba635631b9aca7670f9b7a7979c0bf684ef1d9,2019-07-25 21:10:44-07:00,core.py,165,498,True
18ba635631b9aca7670f9b7a7979c0bf684ef1d9,2019-07-25 21:10:44-07:00,inspectutils.py,36,106,True
d77453938a4b7a5a2bb71d9cb40397ee8bbc2e0a,2019-07-26 09:10:44-07:00,core.py,166,498,True
a54ef58d16168d1e337a360a6f978072c8514117,2019-07-26 11:51:36-07:00,test_components.py,75,238,False
0fa5c42ac8c1dddd15c82ca3607bc6923f971cc9,2019-07-29 15:32:39-07:00,docstrings.py,107,343,True
0fa5c42ac8c1dddd15c82ca3607bc6923f971cc9,2019-07-29 15:32:39-07:00,docstrings_test.py,14,215,True
c1a7e2f21fb95e37d80d3e32c7ecbefa12140edf,2019-07-30 11:28:50-07:00,__init__.py,0,6,False
c1a7e2f21fb95e37d80d3e32c7ecbefa12140edf,2019-07-30 11:28:50-07:00,setup.py,0,54,False
f01aad347632791e3438c1a753e42a514520d690,2019-08-05 15:37:25-07:00,docstrings.py,108,344,True
a7810582f81fef2e8fc99db4917f6eed8b74d886,2019-08-08 12:08:43-07:00,__init__.py,0,6,False
a7810582f81fef2e8fc99db4917f6eed8b74d886,2019-08-08 12:08:43-07:00,setup.py,0,54,False
8d372e2a67d1ad8135eca074629b52ddbca96f25,2019-09-07 18:27:42-07:00,inspectutils.py,37,108,True
4695f34429d22d78aab5d6bfc7b155b23a7165d5,2019-12-05 21:30:16+00:00,inspectutils.py,37,108,True
4695f34429d22d78aab5d6bfc7b155b23a7165d5,2019-12-05 21:30:16+00:00,interact.py,14,41,False
15a6f6b59703ff292892321260da5625cbeb1160,2019-12-13 11:20:06-08:00,setup.py,0,55,False
cd95ae25814636111a3acb3b18d14db053643f97,2019-12-13 14:09:06-08:00,setup.py,0,55,False
074f4b25906b4c7bc309a64feeba8873ec5e849c,2020-01-17 10:01:31-08:00,console_io.py,21,54,False
420ced0454f97b204f3ba178edf77344997df31e,2020-01-24 13:08:34-08:00,custom_descriptions.py,16,53,False
420ced0454f97b204f3ba178edf77344997df31e,2020-01-24 13:08:34-08:00,custom_descriptions_test.py,7,44,False
420ced0454f97b204f3ba178edf77344997df31e,2020-01-24 13:08:34-08:00,docstrings.py,108,344,True
420ced0454f97b204f3ba178edf77344997df31e,2020-01-24 13:08:34-08:00,formatting.py,19,54,False
420ced0454f97b204f3ba178edf77344997df31e,2020-01-24 13:08:34-08:00,formatting_test.py,10,50,False
420ced0454f97b204f3ba178edf77344997df31e,2020-01-24 13:08:34-08:00,helptext.py,120,382,True
420ced0454f97b204f3ba178edf77344997df31e,2020-01-24 13:08:34-08:00,helptext_test.py,30,368,True
1ac5105a0437518785033f47dd78746678e5133a,2020-02-22 00:26:34+05:30,core.py,166,498,True
1ac5105a0437518785033f47dd78746678e5133a,2020-02-22 00:26:34+05:30,fire_test.py,62,581,False
1ac5105a0437518785033f47dd78746678e5133a,2020-02-22 00:26:34+05:30,test_components.py,78,245,False
34a10f9218e04b343ff1579b3505a3cbe8da4824,2020-02-25 13:16:32-08:00,test_components.py,78,245,False
297a1adfae74cb7e688985d24a8683d808781826,2020-02-25 13:28:36-08:00,test_components.py,78,245,False
04e2434001e809bdf05e6f47d71452d1e8614b78,2020-02-25 17:42:34-08:00,fire_test.py,63,585,False
04e2434001e809bdf05e6f47d71452d1e8614b78,2020-02-25 17:42:34-08:00,test_components.py,80,251,False
7d87eb260456bda43518dd1259f0677c7b2a6d39,2020-02-28 09:10:40-08:00,value_types.py,11,20,True
1c1afd16c6cf5943a0c62c0db654d5da570ae65f,2020-02-28 09:13:42-08:00,core.py,163,495,True
1c1afd16c6cf5943a0c62c0db654d5da570ae65f,2020-02-28 09:13:42-08:00,value_types.py,15,27,True
c8ea506b067ac13465f0331d54afce35e495da3f,2020-02-28 09:14:48-08:00,completion.py,69,324,True
c830177ce00b1c6f123316e3cae81cbaec8377ca,2020-02-28 09:37:23-08:00,completion.py,66,316,True
c830177ce00b1c6f123316e3cae81cbaec8377ca,2020-02-28 09:37:23-08:00,core.py,163,495,True
c830177ce00b1c6f123316e3cae81cbaec8377ca,2020-02-28 09:37:23-08:00,inspectutils.py,40,116,True
c830177ce00b1c6f123316e3cae81cbaec8377ca,2020-02-28 09:37:23-08:00,value_types.py,15,27,True
86ac2685a694b13da120ab52010ed22a1117c898,2020-02-28 13:23:17-08:00,completion.py,67,316,True
deb33cc34f94cad86a875a9993864ac0acf93828,2020-02-28 14:24:21-08:00,core_test.py,28,153,True
deb33cc34f94cad86a875a9993864ac0acf93828,2020-02-28 14:24:21-08:00,fire_test.py,64,590,False
deb33cc34f94cad86a875a9993864ac0acf93828,2020-02-28 14:24:21-08:00,inspectutils.py,55,160,True
deb33cc34f94cad86a875a9993864ac0acf93828,2020-02-28 14:24:21-08:00,test_components.py,83,260,False
deb33cc34f94cad86a875a9993864ac0acf93828,2020-02-28 14:24:21-08:00,test_components_py3.py,5,16,False
deb33cc34f94cad86a875a9993864ac0acf93828,2020-02-28 14:24:21-08:00,testutils.py,10,50,False
b1f3f95d736e7e36126f2e6c457c52f995f587dc,2020-02-28 14:31:51-08:00,docstrings.py,114,360,True
b1f3f95d736e7e36126f2e6c457c52f995f587dc,2020-02-28 14:31:51-08:00,docstrings_test.py,15,240,True
4de6607fa0c9c077ff31962ae029f97689f946bf,2020-02-28 14:40:08-08:00,core_test.py,28,155,True
780a360a6d4231b2fb171c3ae5da4e18bf3f7ccb,2020-02-28 15:09:13-08:00,core_test.py,28,155,True
afc34abdfb3c1f6ce7de9b9b92e2a07e5a6b4c89,2020-02-28 23:30:23+00:00,inspectutils.py,56,164,True
bb90d16e1725fe9679988087f96306ed98b16e5f,2020-02-28 16:29:03-08:00,inspectutils.py,57,165,True
b77f5aefbf5986391ab6cb9f51376c6d93d757cf,2020-02-28 20:04:23-08:00,fire_test.py,64,591,False
4a5b7c348cf3f5cff92093eab647a57d556651be,2020-03-06 13:08:48-08:00,formatting.py,19,82,False
d2aa542ca79f3c4f6a8e58b73770ca7ff858fc09,2020-03-06 22:17:08+00:00,formatting.py,19,55,False
d2aa542ca79f3c4f6a8e58b73770ca7ff858fc09,2020-03-06 22:17:08+00:00,formatting_windows.py,8,33,False
41297c7b1d77474ddee579e5d4c7dcf38b80bf68,2020-03-06 22:37:53+00:00,helptext.py,120,382,True
0be2244c6a6a900d687d4d0bc2ddfd00acf7b84f,2020-03-06 15:25:33-08:00,formatting_windows.py,7,33,False
598937e0741e1e8e61f7afa75437a5ff860e7386,2020-03-06 15:35:13-08:00,__main__.py,1,9,False
598937e0741e1e8e61f7afa75437a5ff860e7386,2020-03-06 15:35:13-08:00,main_test.py,2,17,False
335f6e9ab24b0b14200453d21f936e55c43cafa9,2020-03-06 15:52:05-08:00,__init__.py,0,6,False
335f6e9ab24b0b14200453d21f936e55c43cafa9,2020-03-06 15:52:05-08:00,setup.py,0,55,False
b97816196071901b714eb70258a6818a59782379,2020-03-16 17:21:33+00:00,helptext.py,124,392,True
b97816196071901b714eb70258a6818a59782379,2020-03-16 17:21:33+00:00,helptext_test.py,32,388,True
b97816196071901b714eb70258a6818a59782379,2020-03-16 17:21:33+00:00,test_components_py3.py,6,18,False
61785e614c9ee1f0f16f8d8f1fd18b92a1981b4a,2020-03-19 12:47:16-07:00,helptext_test.py,32,385,True
af9d8488d595e71a73b95373e5a23cdf1ba54f2e,2020-04-03 17:41:42+00:00,console_io.py,20,51,False
fb7ee3a716020f6a04c0e55967612f9322d16893,2020-04-03 11:04:51-07:00,__init__.py,0,6,False
fb7ee3a716020f6a04c0e55967612f9322d16893,2020-04-03 11:04:51-07:00,setup.py,0,55,False
457b1562b88ae8f018c7b2bed46028035a75cccf,2020-06-12 10:51:40-07:00,completion.py,68,320,True
457b1562b88ae8f018c7b2bed46028035a75cccf,2020-06-12 10:51:40-07:00,setup.py,0,56,False
79d85df2706b2dab5dd5075f2a76953743ee9bf3,2020-07-14 09:00:56-07:00,helptext.py,139,434,True
79d85df2706b2dab5dd5075f2a76953743ee9bf3,2020-07-14 09:00:56-07:00,helptext_test.py,37,463,True
79d85df2706b2dab5dd5075f2a76953743ee9bf3,2020-07-14 09:00:56-07:00,test_components.py,84,266,False
79d85df2706b2dab5dd5075f2a76953743ee9bf3,2020-07-14 09:00:56-07:00,test_components_py3.py,11,33,False
b5d6341d3034efc594421783d45620551c286a37,2020-07-14 11:01:11-07:00,helptext_test.py,37,465,True
c3789064e2e161992e3c5a23eb0c47b66072707f,2020-10-02 11:15:43-07:00,completion.py,70,322,True
878b8d86f488ef2606cffdf58297dd2781708316,2020-10-05 11:20:49-07:00,setup.py,0,56,False
5311d21b1b4ddbc6330396ce2d9fd1eb9642ff97,2020-10-29 10:24:31-07:00,__main__.py,11,52,False
5311d21b1b4ddbc6330396ce2d9fd1eb9642ff97,2020-10-29 10:24:31-07:00,main_test.py,7,51,False
5311d21b1b4ddbc6330396ce2d9fd1eb9642ff97,2020-10-29 10:24:31-07:00,testutils.py,12,59,False
c1a0450c66e0c3d9b177d5618d9864f04c565091,2020-10-29 11:44:38-07:00,__main__.py,13,61,False
c1a0450c66e0c3d9b177d5618d9864f04c565091,2020-10-29 11:44:38-07:00,main_test.py,7,54,False
6ef90c0155c7e092163cac9413ea22dd2a31bfeb,2020-10-29 20:13:20-07:00,__main__.py,14,60,False
6ef90c0155c7e092163cac9413ea22dd2a31bfeb,2020-10-29 20:13:20-07:00,testutils.py,14,64,False
5aa754a1e15f095294d2aad17ff78a1cad7bfa8b,2020-10-30 07:12:06-07:00,__main__.py,14,63,False
5aa754a1e15f095294d2aad17ff78a1cad7bfa8b,2020-10-30 07:12:06-07:00,testutils.py,14,64,False
fea0be79ccfa130853aca0dd2b298ae817289e09,2020-10-30 10:14:16-07:00,main_test.py,7,54,False
fea0be79ccfa130853aca0dd2b298ae817289e09,2020-10-30 10:14:16-07:00,testutils.py,14,64,False
3be260e65a0c25d1dbbe1b15eeb0bf13ac7ec38f,2020-10-30 10:52:24-07:00,main_test.py,7,54,False
e4cb72a1350012cf2651f4a233ae2d0ceacb7265,2020-12-16 12:19:42-08:00,core.py,164,501,True
e4cb72a1350012cf2651f4a233ae2d0ceacb7265,2020-12-16 12:19:42-08:00,fire_test.py,65,595,False
e4cb72a1350012cf2651f4a233ae2d0ceacb7265,2020-12-16 12:19:42-08:00,inspectutils.py,60,172,True
e4cb72a1350012cf2651f4a233ae2d0ceacb7265,2020-12-16 12:19:42-08:00,test_components_py3.py,12,38,False
aa18534de3e1f44ed3dd525162568605a13e839a,2020-12-16 12:26:35-08:00,docstrings.py,116,374,True
aa18534de3e1f44ed3dd525162568605a13e839a,2020-12-16 12:26:35-08:00,docstrings_test.py,16,264,True
aa18534de3e1f44ed3dd525162568605a13e839a,2020-12-16 12:26:35-08:00,helptext.py,146,454,True
aa18534de3e1f44ed3dd525162568605a13e839a,2020-12-16 12:26:35-08:00,helptext_test.py,39,491,True
aa18534de3e1f44ed3dd525162568605a13e839a,2020-12-16 12:26:35-08:00,test_components.py,86,272,False
bc43dca6a52ef6914f0e5d3ec76b316d8fdd648b,2020-12-16 13:58:14-08:00,core.py,164,501,True
bc43dca6a52ef6914f0e5d3ec76b316d8fdd648b,2020-12-16 13:58:14-08:00,decorators.py,11,46,False
bc43dca6a52ef6914f0e5d3ec76b316d8fdd648b,2020-12-16 13:58:14-08:00,inspectutils.py,60,172,True
c39de6ae333fdaf7d3371ab7cb213cb28703120d,2021-01-22 08:40:05-08:00,docstrings.py,114,375,True
c39de6ae333fdaf7d3371ab7cb213cb28703120d,2021-01-22 08:40:05-08:00,docstrings_test.py,18,317,True
56d28ebbb41e0feb50510aa96c88a78e5b6c9e4e,2021-01-22 08:53:33-08:00,__init__.py,0,6,False
56d28ebbb41e0feb50510aa96c88a78e5b6c9e4e,2021-01-22 08:53:33-08:00,setup.py,0,56,False
f2ab298e436f12d6a3fe36744b7eab6afcd04d80,2021-01-22 08:57:47-08:00,setup.py,0,57,False
8e9b1d52132cfab5f789435a9d88bdf881bbbe22,2021-01-25 10:21:24-08:00,helptext_test.py,39,491,True
ed44d8b801fc24e40729abef11b2dcbf6588d361,2021-06-17 11:02:53-07:00,test_components.py,86,272,False
ed44d8b801fc24e40729abef11b2dcbf6588d361,2021-06-17 11:02:53-07:00,test_components_py3.py,12,38,False
703f8a2d59cfea11c5f816b785ae7b2ced31876c,2022-04-14 07:52:52-07:00,__main__.py,14,63,False
703f8a2d59cfea11c5f816b785ae7b2ced31876c,2022-04-14 07:52:52-07:00,test_components_py3.py,12,38,False
703f8a2d59cfea11c5f816b785ae7b2ced31876c,2022-04-14 07:52:52-07:00,testutils.py,14,64,False
21ae57c38d00d8ba3594b94944bcd955977939df,2022-04-16 15:58:07-04:00,__main__.py,14,63,False
21ae57c38d00d8ba3594b94944bcd955977939df,2022-04-16 15:58:07-04:00,custom_descriptions.py,16,53,False
21ae57c38d00d8ba3594b94944bcd955977939df,2022-04-16 15:58:07-04:00,main_test.py,7,54,False
21ae57c38d00d8ba3594b94944bcd955977939df,2022-04-16 15:58:07-04:00,setup.py,0,56,False
09f836e8db7147472192b6c5468f0b7bc997cfad,2022-04-16 15:20:32-05:00,helptext.py,146,454,True
09f836e8db7147472192b6c5468f0b7bc997cfad,2022-04-16 15:20:32-05:00,helptext_test.py,40,504,True
09f836e8db7147472192b6c5468f0b7bc997cfad,2022-04-16 15:20:32-05:00,test_components.py,87,274,False
8469e487dcb9392856a513f6f861eaf86da80595,2022-04-16 16:42:02-04:00,helptext_test.py,40,507,True
8469e487dcb9392856a513f6f861eaf86da80595,2022-04-16 16:42:02-04:00,test_components.py,86,272,False
8469e487dcb9392856a513f6f861eaf86da80595,2022-04-16 16:42:02-04:00,test_components_py3.py,13,41,False
8bddeec6bd9c78b9b5ad20e9a58625cbd3096fe9,2022-04-16 17:21:05-04:00,core.py,166,505,True
8bddeec6bd9c78b9b5ad20e9a58625cbd3096fe9,2022-04-16 17:21:05-04:00,core_test.py,35,175,True
37c4305194ff3d0a63f435f08a40e14b1978bd4e,2022-04-16 18:20:08-04:00,core.py,166,507,True
37c4305194ff3d0a63f435f08a40e14b1978bd4e,2022-04-16 18:20:08-04:00,core_test.py,35,176,True
c367ce99aa9b8e69abb48d3296cac45b33638bb8,2022-11-28 16:09:56-05:00,core.py,166,508,True
c367ce99aa9b8e69abb48d3296cac45b33638bb8,2022-11-28 16:09:56-05:00,formatting_test.py,10,50,False
c367ce99aa9b8e69abb48d3296cac45b33638bb8,2022-11-28 16:09:56-05:00,parser.py,15,45,True
c4bd14b45a3a68574cd30ce6699312ebf66ae0b3,2022-11-28 16:13:34-05:00,__init__.py,0,6,False
c4bd14b45a3a68574cd30ce6699312ebf66ae0b3,2022-11-28 16:13:34-05:00,setup.py,0,56,False
a49184782c37746278e42e8a175dfab4fe89db8a,2022-11-28 16:46:26-05:00,helptext.py,147,456,True
a49184782c37746278e42e8a175dfab4fe89db8a,2022-11-28 16:46:26-05:00,helptext_test.py,41,518,True
82e2d87f0e2a01e9c01e958dd2d2ec510a77fc6d,2022-11-28 16:49:17-05:00,core_test.py,35,176,True
0ad057143b326f78398fbc9a3840d9d6b378e0be,2022-12-09 20:31:12+00:00,helptext.py,154,482,True
0ad057143b326f78398fbc9a3840d9d6b378e0be,2022-12-09 20:31:12+00:00,helptext_test.py,42,534,True
0ad057143b326f78398fbc9a3840d9d6b378e0be,2022-12-09 20:31:12+00:00,test_components.py,87,275,False
7b5d4f713ba4c252cc34f523811a49a6bb15f681,2022-12-10 07:53:52+11:00,console_attr.py,97,330,True
7b5d4f713ba4c252cc34f523811a49a6bb15f681,2022-12-10 07:53:52+11:00,custom_descriptions.py,16,53,False
b2415b9331268050fbfe4da7ea377333aa4cf9cd,2022-12-09 16:16:15-05:00,completion.py,70,326,True
2d2fa6196e5a8ce4ddcbabc565bacad163323b0f,2023-02-01 10:53:09-08:00,decorators.py,11,46,False
c29b923133668a86b802d7451e83aa92ed648de1,2023-02-07 00:41:38+09:00,setup.py,0,57,False
527e3d056ecc134531f1ef3ed45d46581b5844b9,2023-02-13 14:20:46-05:00,console_attr.py,97,330,True
527e3d056ecc134531f1ef3ed45d46581b5844b9,2023-02-13 14:20:46-05:00,console_attr_os.py,38,144,False
527e3d056ecc134531f1ef3ed45d46581b5844b9,2023-02-13 14:20:46-05:00,console_pager.py,52,186,False
527e3d056ecc134531f1ef3ed45d46581b5844b9,2023-02-13 14:20:46-05:00,docstrings_test.py,18,317,True
527e3d056ecc134531f1ef3ed45d46581b5844b9,2023-02-13 14:20:46-05:00,parser_test.py,20,100,False
6e485c971f4998175b841c775edcd980f2fb55ea,2023-02-13 15:24:46-05:00,parser_test.py,20,101,False
1bcb5d1a265ed78e02b57174171aae9d813dbcf5,2023-10-05 18:39:58+03:00,core.py,166,508,True
d44d33d4ac9389854b046ca0270c112693b309e6,2023-11-13 19:49:58+01:00,completion.py,70,326,True
1d8a137893222b977fc23764ad6e56293cf83a32,2024-01-03 04:25:30+08:00,test_components_py3.py,13,40,False
8a41c91a474209b38d58839437f5711190fd3cee,2024-01-09 15:22:03-03:00,formatting_windows.py,8,33,False
343e6b6cec2d174d511e99dec7e5a24849121c2e,2024-02-24 13:07:41-05:00,__init__.py,0,6,False
343e6b6cec2d174d511e99dec7e5a24849121c2e,2024-02-24 13:07:41-05:00,__main__.py,14,63,False
343e6b6cec2d174d511e99dec7e5a24849121c2e,2024-02-24 13:07:41-05:00,encoding.py,26,67,False
343e6b6cec2d174d511e99dec7e5a24849121c2e,2024-02-24 13:07:41-05:00,formatting_windows.py,8,35,False
343e6b6cec2d174d511e99dec7e5a24849121c2e,2024-02-24 13:07:41-05:00,inspectutils.py,60,172,True
343e6b6cec2d174d511e99dec7e5a24849121c2e,2024-02-24 13:07:41-05:00,testutils.py,14,64,False
343e6b6cec2d174d511e99dec7e5a24849121c2e,2024-02-24 13:07:41-05:00,setup.py,0,59,False
027c50272911e92f02be7ae93c60b4559c98a1a1,2024-03-12 01:47:19+05:00,core.py,166,507,True
027c50272911e92f02be7ae93c60b4559c98a1a1,2024-03-12 01:47:19+05:00,trace.py,44,150,False
a59f6bad3f72ae6035b076504744d3e9f619afea,2024-08-10 04:16:48+08:00,parser.py,15,50,True
8b063b952fba6dec79dfbc8688a9edf047de3b6c,2024-09-19 20:20:44-04:00,__init__.py,0,3,False
8b063b952fba6dec79dfbc8688a9edf047de3b6c,2024-09-19 20:20:44-04:00,__main__.py,14,60,False
8b063b952fba6dec79dfbc8688a9edf047de3b6c,2024-09-19 20:20:44-04:00,completion_test.py,22,145,False
8b063b952fba6dec79dfbc8688a9edf047de3b6c,2024-09-19 20:20:44-04:00,console_io.py,20,48,False
8b063b952fba6dec79dfbc8688a9edf047de3b6c,2024-09-19 20:20:44-04:00,core.py,166,504,True
8b063b952fba6dec79dfbc8688a9edf047de3b6c,2024-09-19 20:20:44-04:00,core_test.py,35,173,True
8b063b952fba6dec79dfbc8688a9edf047de3b6c,2024-09-19 20:20:44-04:00,custom_descriptions.py,16,50,False
8b063b952fba6dec79dfbc8688a9edf047de3b6c,2024-09-19 20:20:44-04:00,custom_descriptions_test.py,7,41,False
8b063b952fba6dec79dfbc8688a9edf047de3b6c,2024-09-19 20:20:44-04:00,decorators.py,11,43,False
8b063b952fba6dec79dfbc8688a9edf047de3b6c,2024-09-19 20:20:44-04:00,decorators_test.py,22,110,False
8b063b952fba6dec79dfbc8688a9edf047de3b6c,2024-09-19 20:20:44-04:00,docstrings.py,114,372,True
8b063b952fba6dec79dfbc8688a9edf047de3b6c,2024-09-19 20:20:44-04:00,docstrings_fuzz_test.py,1,14,False
8b063b952fba6dec79dfbc8688a9edf047de3b6c,2024-09-19 20:20:44-04:00,docstrings_test.py,18,314,True
8b063b952fba6dec79dfbc8688a9edf047de3b6c,2024-09-19 20:20:44-04:00,fire_test.py,65,592,False
8b063b952fba6dec79dfbc8688a9edf047de3b6c,2024-09-19 20:20:44-04:00,formatting.py,19,52,False
8b063b952fba6dec79dfbc8688a9edf047de3b6c,2024-09-19 20:20:44-04:00,formatting_test.py,10,47,False
8b063b952fba6dec79dfbc8688a9edf047de3b6c,2024-09-19 20:20:44-04:00,formatting_windows.py,8,32,False
8b063b952fba6dec79dfbc8688a9edf047de3b6c,2024-09-19 20:20:44-04:00,helptext.py,154,479,True
8b063b952fba6dec79dfbc8688a9edf047de3b6c,2024-09-19 20:20:44-04:00,helptext_test.py,42,531,True
8b063b952fba6dec79dfbc8688a9edf047de3b6c,2024-09-19 20:20:44-04:00,inspectutils.py,60,169,True
8b063b952fba6dec79dfbc8688a9edf047de3b6c,2024-09-19 20:20:44-04:00,inspectutils_test.py,13,103,False
8b063b952fba6dec79dfbc8688a9edf047de3b6c,2024-09-19 20:20:44-04:00,interact.py,14,38,False
8b063b952fba6dec79dfbc8688a9edf047de3b6c,2024-09-19 20:20:44-04:00,interact_test.py,2,24,False
8b063b952fba6dec79dfbc8688a9edf047de3b6c,2024-09-19 20:20:44-04:00,parser.py,15,47,True
8b063b952fba6dec79dfbc8688a9edf047de3b6c,2024-09-19 20:20:44-04:00,parser_fuzz_test.py,10,65,False
8b063b952fba6dec79dfbc8688a9edf047de3b6c,2024-09-19 20:20:44-04:00,parser_test.py,20,98,False
8b063b952fba6dec79dfbc8688a9edf047de3b6c,2024-09-19 20:20:44-04:00,test_components.py,87,272,False
8b063b952fba6dec79dfbc8688a9edf047de3b6c,2024-09-19 20:20:44-04:00,test_components_bin.py,1,6,False
8b063b952fba6dec79dfbc8688a9edf047de3b6c,2024-09-19 20:20:44-04:00,test_components_test.py,2,13,False
8b063b952fba6dec79dfbc8688a9edf047de3b6c,2024-09-19 20:20:44-04:00,testutils.py,14,61,False
8b063b952fba6dec79dfbc8688a9edf047de3b6c,2024-09-19 20:20:44-04:00,testutils_test.py,3,26,False
8b063b952fba6dec79dfbc8688a9edf047de3b6c,2024-09-19 20:20:44-04:00,trace.py,44,147,False
8b063b952fba6dec79dfbc8688a9edf047de3b6c,2024-09-19 20:20:44-04:00,trace_test.py,16,111,False
8b063b952fba6dec79dfbc8688a9edf047de3b6c,2024-09-19 20:20:44-04:00,value_types.py,15,24,True
8b063b952fba6dec79dfbc8688a9edf047de3b6c,2024-09-19 20:20:44-04:00,setup.py,0,55,False
5d0706d814e8c9297f078fabc0a1638c34c1ef30,2024-09-19 20:57:15-04:00,completion.py,63,319,True
5d0706d814e8c9297f078fabc0a1638c34c1ef30,2024-09-19 20:57:15-04:00,core.py,166,502,True
5d0706d814e8c9297f078fabc0a1638c34c1ef30,2024-09-19 20:57:15-04:00,core_test.py,35,170,True
5d0706d814e8c9297f078fabc0a1638c34c1ef30,2024-09-19 20:57:15-04:00,custom_descriptions.py,13,47,False
5d0706d814e8c9297f078fabc0a1638c34c1ef30,2024-09-19 20:57:15-04:00,fire_test.py,65,589,False
5d0706d814e8c9297f078fabc0a1638c34c1ef30,2024-09-19 20:57:15-04:00,helptext_test.py,42,520,True
5d0706d814e8c9297f078fabc0a1638c34c1ef30,2024-09-19 20:57:15-04:00,inspectutils.py,52,154,True
5d0706d814e8c9297f078fabc0a1638c34c1ef30,2024-09-19 20:57:15-04:00,inspectutils_test.py,12,97,False
5d0706d814e8c9297f078fabc0a1638c34c1ef30,2024-09-19 20:57:15-04:00,parser_fuzz_test.py,10,64,False
5d0706d814e8c9297f078fabc0a1638c34c1ef30,2024-09-19 20:57:15-04:00,test_components.py,87,270,False
5d0706d814e8c9297f078fabc0a1638c34c1ef30,2024-09-19 20:57:15-04:00,testutils.py,13,58,False
5d0706d814e8c9297f078fabc0a1638c34c1ef30,2024-09-19 20:57:15-04:00,testutils_test.py,3,25,False
5d0706d814e8c9297f078fabc0a1638c34c1ef30,2024-09-19 20:57:15-04:00,value_types.py,15,23,True
b13c13bf1767caf80bf38349dd5fbf0dd08e18b8,2024-09-19 21:08:42-04:00,__main__.py,11,50,False
b13c13bf1767caf80bf38349dd5fbf0dd08e18b8,2024-09-19 21:08:42-04:00,fire_test.py,65,587,False
b13c13bf1767caf80bf38349dd5fbf0dd08e18b8,2024-09-19 21:08:42-04:00,helptext.py,153,476,True
b13c13bf1767caf80bf38349dd5fbf0dd08e18b8,2024-09-19 21:08:42-04:00,helptext_test.py,42,507,True
b13c13bf1767caf80bf38349dd5fbf0dd08e18b8,2024-09-19 21:08:42-04:00,parser.py,15,47,True
f012df240f16bd7e1c3eb90e96472ef5051ac5e2,2024-09-19 21:20:37-04:00,setup.py,0,54,False
b83fa05b72d8b225182043740e35cd0c28a29293,2024-09-19 21:30:54-04:00,core_test.py,35,170,True
b83fa05b72d8b225182043740e35cd0c28a29293,2024-09-19 21:30:54-04:00,fire_import_test.py,3,15,False
b83fa05b72d8b225182043740e35cd0c28a29293,2024-09-19 21:30:54-04:00,fire_test.py,65,587,False
b83fa05b72d8b225182043740e35cd0c28a29293,2024-09-19 21:30:54-04:00,interact_test.py,2,24,False
b83fa05b72d8b225182043740e35cd0c28a29293,2024-09-19 21:30:54-04:00,testutils.py,13,58,False
b83fa05b72d8b225182043740e35cd0c28a29293,2024-09-19 21:30:54-04:00,setup.py,0,53,False
f9293c9da7fe6645a25448537d40b563d970b2f4,2024-09-19 22:06:38-04:00,core.py,166,503,True
f9293c9da7fe6645a25448537d40b563d970b2f4,2024-09-19 22:06:38-04:00,test_components.py,86,269,False
f9293c9da7fe6645a25448537d40b563d970b2f4,2024-09-19 22:06:38-04:00,testutils.py,12,56,False
ca4e80b9072397ec1c03bdf83a0bd62524a601aa,2024-09-20 10:22:06+08:00,platforms.py,76,247,False
4efd44dbb14ba2bf044f2fae701f787da0bfbe1e,2024-09-19 23:06:02-04:00,widget.py,4,10,False
4efd44dbb14ba2bf044f2fae701f787da0bfbe1e,2024-09-19 23:06:02-04:00,completion.py,63,316,True
4efd44dbb14ba2bf044f2fae701f787da0bfbe1e,2024-09-19 23:06:02-04:00,completion_test.py,22,144,False
4efd44dbb14ba2bf044f2fae701f787da0bfbe1e,2024-09-19 23:06:02-04:00,core.py,166,503,True
4efd44dbb14ba2bf044f2fae701f787da0bfbe1e,2024-09-19 23:06:02-04:00,helptext.py,153,456,True
4efd44dbb14ba2bf044f2fae701f787da0bfbe1e,2024-09-19 23:06:02-04:00,interact.py,14,39,False
4efd44dbb14ba2bf044f2fae701f787da0bfbe1e,2024-09-19 23:06:02-04:00,trace.py,44,144,False
93b0e3243b522ae9ab6ebbdc6dcf9a5bb68cc30d,2024-09-19 23:24:46-04:00,console_attr.py,97,329,True
93b0e3243b522ae9ab6ebbdc6dcf9a5bb68cc30d,2024-09-19 23:24:46-04:00,encoding.py,21,57,False
93b0e3243b522ae9ab6ebbdc6dcf9a5bb68cc30d,2024-09-19 23:24:46-04:00,files.py,15,42,False
93b0e3243b522ae9ab6ebbdc6dcf9a5bb68cc30d,2024-09-19 23:24:46-04:00,setup.py,0,52,False
5b2dadd7f3912bf8f05e7f1c381631ef5c14cada,2024-09-19 23:47:19-04:00,core.py,166,503,True
5b2dadd7f3912bf8f05e7f1c381631ef5c14cada,2024-09-19 23:47:19-04:00,inspectutils.py,52,154,True
d3204373c4bba38a09db92f910d048222b8d6f0f,2024-09-20 07:20:04-07:00,setup.py,0,53,False
36a56c0a777d874f30e39412b2877ab171118d54,2024-09-21 08:04:39-07:00,__main__.py,11,50,False
36a56c0a777d874f30e39412b2877ab171118d54,2024-09-21 08:04:39-07:00,core.py,166,503,True
36a56c0a777d874f30e39412b2877ab171118d54,2024-09-21 08:04:39-07:00,decorators_test.py,22,110,False
36a56c0a777d874f30e39412b2877ab171118d54,2024-09-21 08:04:39-07:00,helptext.py,153,456,True
36a56c0a777d874f30e39412b2877ab171118d54,2024-09-21 08:04:39-07:00,helptext_test.py,42,507,True
36a56c0a777d874f30e39412b2877ab171118d54,2024-09-21 08:04:39-07:00,inspectutils.py,52,154,True
36a56c0a777d874f30e39412b2877ab171118d54,2024-09-21 08:04:39-07:00,main_test.py,7,54,False
36a56c0a777d874f30e39412b2877ab171118d54,2024-09-21 08:04:39-07:00,parser_fuzz_test.py,10,64,False
36a56c0a777d874f30e39412b2877ab171118d54,2024-09-21 08:04:39-07:00,test_components.py,86,269,False
36a56c0a777d874f30e39412b2877ab171118d54,2024-09-21 08:04:39-07:00,test_components_py3.py,13,40,False
36a56c0a777d874f30e39412b2877ab171118d54,2024-09-21 08:04:39-07:00,trace.py,44,144,False
8227364f113fcaf8661290fa3bb0c79741ff3be7,2024-09-21 17:09:24+02:00,setup.py,0,54,False
1c43c36174feb7020e7c5a5c53f3a47bc8e368c8,2024-09-21 08:12:09-07:00,__init__.py,0,3,False
efcf60f7f8202d9887b9da16e4ff81a554b9d023,2024-09-21 08:45:04-07:00,encoding.py,21,58,False
efcf60f7f8202d9887b9da16e4ff81a554b9d023,2024-09-21 08:45:04-07:00,decorators.py,11,43,False
efcf60f7f8202d9887b9da16e4ff81a554b9d023,2024-09-21 08:45:04-07:00,formatting_windows.py,8,32,False
efcf60f7f8202d9887b9da16e4ff81a554b9d023,2024-09-21 08:45:04-07:00,helptext.py,153,456,True
efcf60f7f8202d9887b9da16e4ff81a554b9d023,2024-09-21 08:45:04-07:00,helptext_test.py,42,507,True
efcf60f7f8202d9887b9da16e4ff81a554b9d023,2024-09-21 08:45:04-07:00,test_components.py,86,269,False
efcf60f7f8202d9887b9da16e4ff81a554b9d023,2024-09-21 08:45:04-07:00,trace.py,44,144,False
90b7f824f2e760e6363b0d10c52b1940346a0fa6,2024-09-22 09:14:50-07:00,decorators.py,11,44,False
2e0867d3371db9db6e95fad7f82d58ccb894d94c,2025-03-23 14:43:44-04:00,inspectutils.py,53,157,True
525708c3d7bcfc36a71e23694f09d0b587a7bf72,2025-04-14 14:40:30-04:00,inspectutils.py,53,157,True
fb01c7c619eda3107c7e32c42370573f6f63f33c,2025-05-21 12:23:08-07:00,completion.py,63,316,True
2e6f8d2b248411fb4bbfb7fbf3701ee96c0e9a61,2025-07-18 21:23:40-04:00,__init__.py,0,3,False
2e6f8d2b248411fb4bbfb7fbf3701ee96c0e9a61,2025-07-18 21:23:40-04:00,setup.py,0,54,False
d33056cb32f217c57b432040484901f34b9f5411,2025-07-18 22:27:20-04:00,setup.py,,,False
84496196045c96ade6ef7c42ebd374f9b6bddee0,2025-07-18 23:21:02-04:00,__main__.py,12,50,False
84496196045c96ade6ef7c42ebd374f9b6bddee0,2025-07-18 23:21:02-04:00,console_attr_os.py,38,144,False
84496196045c96ade6ef7c42ebd374f9b6bddee0,2025-07-18 23:21:02-04:00,encoding.py,21,58,False
84496196045c96ade6ef7c42ebd374f9b6bddee0,2025-07-18 23:21:02-04:00,core.py,166,503,True
84496196045c96ade6ef7c42ebd374f9b6bddee0,2025-07-18 23:21:02-04:00,core_test.py,35,170,True
84496196045c96ade6ef7c42ebd374f9b6bddee0,2025-07-18 23:21:02-04:00,custom_descriptions.py,13,47,False
84496196045c96ade6ef7c42ebd374f9b6bddee0,2025-07-18 23:21:02-04:00,decorators.py,11,44,False
84496196045c96ade6ef7c42ebd374f9b6bddee0,2025-07-18 23:21:02-04:00,docstrings.py,114,372,True
84496196045c96ade6ef7c42ebd374f9b6bddee0,2025-07-18 23:21:02-04:00,formatting_windows.py,8,32,False
84496196045c96ade6ef7c42ebd374f9b6bddee0,2025-07-18 23:21:02-04:00,helptext.py,154,458,True
84496196045c96ade6ef7c42ebd374f9b6bddee0,2025-07-18 23:21:02-04:00,helptext_test.py,42,507,True
84496196045c96ade6ef7c42ebd374f9b6bddee0,2025-07-18 23:21:02-04:00,inspectutils.py,53,157,True
84496196045c96ade6ef7c42ebd374f9b6bddee0,2025-07-18 23:21:02-04:00,main_test.py,7,54,False
84496196045c96ade6ef7c42ebd374f9b6bddee0,2025-07-18 23:21:02-04:00,parser.py,15,47,True
84496196045c96ade6ef7c42ebd374f9b6bddee0,2025-07-18 23:21:02-04:00,trace.py,44,144,False
0b2837778776bc7be024093f7342d746826a1c38,2025-08-16 16:39:17-04:00,inspectutils.py,53,157,True
0b2837778776bc7be024093f7342d746826a1c38,2025-08-16 16:39:17-04:00,parser.py,15,47,True
716bbc23d7eca949fdb682172283c8d18f742cb6,2025-08-16 17:26:04-04:00,core.py,167,507,True
716bbc23d7eca949fdb682172283c8d18f742cb6,2025-08-16 17:26:04-04:00,inspectutils.py,53,156,True
716bbc23d7eca949fdb682172283c8d18f742cb6,2025-08-16 17:26:04-04:00,parser.py,15,47,True
